表題：,都道府県・市区町村のすがた（社会・人口統計体系）
公開日：,2025年10月31日

***,***,***,***,/項目 コード,A1101,C1224,D310412
調査年 コード,調査年,地域 コード,地域,/項目,A1101_総人口【人】,C1224_企業所得（平成27年基準）【百万円】,D310412_貸付金（都道府県財政）【千円】,貸出金【億円】
2024100000,2024年度,1000,北海道,***,"5,043,000",***,***,1373195
2024100000,2024年度,2000,青森県,***,"1,165,000",***,***,335571
2024100000,2024年度,3000,岩手県,***,"1,145,000",***,***,359050
2024100000,2024年度,4000,宮城県,***,"2,248,000",***,***,981896
2024100000,2024年度,5000,秋田県,***,"897,000",***,***,274839
2024100000,2024年度,6000,山形県,***,"1,011,000",***,***,323456
2024100000,2024年度,7000,福島県,***,"1,743,000",***,***,492454
2024100000,2024年度,8000,茨城県,***,"2,806,000",***,***,774062
2024100000,2024年度,9000,栃木県,***,"1,885,000",***,***,615058
2024100000,2024年度,10000,群馬県,***,"1,890,000",***,***,576918
2024100000,2024年度,11000,埼玉県,***,"7,332,000",***,***,2118946
2024100000,2024年度,12000,千葉県,***,"6,251,000",***,***,2007765
2024100000,2024年度,13000,東京都,***,"14,178,000",***,***,32484630
2024100000,2024年度,14000,神奈川県,***,"9,225,000",***,***,2617644
2024100000,2024年度,15000,新潟県,***,"2,099,000",***,***,601210
2024100000,2024年度,16000,富山県,***,"997,000",***,***,407765
2024100000,2024年度,17000,石川県,***,"1,098,000",***,***,401410
2024100000,2024年度,18000,福井県,***,"739,000",***,***,262865
2024100000,2024年度,19000,山梨県,***,"791,000",***,***,179810
2024100000,2024年度,20000,長野県,***,"1,987,000",***,***,454329
2024100000,2024年度,21000,岐阜県,***,"1,916,000",***,***,433552
2024100000,2024年度,22000,静岡県,***,"3,527,000",***,***,1197285
2024100000,2024年度,23000,愛知県,***,"7,460,000",***,***,3213234
2024100000,2024年度,24000,三重県,***,"1,711,000",***,***,494788
2024100000,2024年度,25000,滋賀県,***,"1,402,000",***,***,472939
2024100000,2024年度,26000,京都府,***,"2,520,000",***,***,918375
2024100000,2024年度,27000,大阪府,***,"8,757,000",***,***,5604330
2024100000,2024年度,28000,兵庫県,***,"5,337,000",***,***,1466652
2024100000,2024年度,29000,奈良県,***,"1,285,000",***,***,331818
2024100000,2024年度,30000,和歌山県,***,"880,000",***,***,227306
2024100000,2024年度,31000,鳥取県,***,"531,000",***,***,185019
2024100000,2024年度,32000,島根県,***,"642,000",***,***,175184
2024100000,2024年度,33000,岡山県,***,"1,831,000",***,***,847186
2024100000,2024年度,34000,広島県,***,"2,714,000",***,***,1448100
2024100000,2024年度,35000,山口県,***,"1,281,000",***,***,467087
2024100000,2024年度,36000,徳島県,***,"685,000",***,***,281130
2024100000,2024年度,37000,香川県,***,"917,000",***,***,390076
2024100000,2024年度,38000,愛媛県,***,"1,276,000",***,***,939107
2024100000,2024年度,39000,高知県,***,"656,000",***,***,197381
2024100000,2024年度,40000,福岡県,***,"5,092,000",***,***,2759299
2024100000,2024年度,41000,佐賀県,***,"788,000",***,***,181080
2024100000,2024年度,42000,長崎県,***,"1,252,000",***,***,358673
2024100000,2024年度,43000,熊本県,***,"1,697,000",***,***,630846
2024100000,2024年度,44000,大分県,***,"1,085,000",***,***,328835
2024100000,2024年度,45000,宮崎県,***,"1,033,000",***,***,338200
2024100000,2024年度,46000,鹿児島県,***,"1,532,000",***,***,501412
2024100000,2024年度,47000,沖縄県,***,"1,466,000",***,***,536970
2023100000,2023年度,1000,北海道,***,"5,092,000",***,***,1362725
2023100000,2023年度,2000,青森県,***,"1,184,000",***,***,337887
2023100000,2023年度,3000,岩手県,***,"1,163,000",***,***,345810
2023100000,2023年度,4000,宮城県,***,"2,264,000",***,***,951610
2023100000,2023年度,5000,秋田県,***,"914,000",***,***,267364
2023100000,2023年度,6000,山形県,***,"1,026,000",***,***,310011
2023100000,2023年度,7000,福島県,***,"1,767,000",***,***,482716
2023100000,2023年度,8000,茨城県,***,"2,825,000",***,***,750110
2023100000,2023年度,9000,栃木県,***,"1,897,000",***,***,609078
2023100000,2023年度,10000,群馬県,***,"1,902,000",***,***,557397
2023100000,2023年度,11000,埼玉県,***,"7,331,000",***,***,2083469
2023100000,2023年度,12000,千葉県,***,"6,257,000",***,***,1980671
2023100000,2023年度,13000,東京都,***,"14,086,000",***,***,30568676
2023100000,2023年度,14000,神奈川県,***,"9,229,000",***,***,2576429
2023100000,2023年度,15000,新潟県,***,"2,126,000",***,***,610735
2023100000,2023年度,16000,富山県,***,"1,007,000",***,***,412100
2023100000,2023年度,17000,石川県,***,"1,109,000",***,***,395446
2023100000,2023年度,18000,福井県,***,"744,000",***,***,259857
2023100000,2023年度,19000,山梨県,***,"796,000",***,***,173130
2023100000,2023年度,20000,長野県,***,"2,004,000",***,***,458334
2023100000,2023年度,21000,岐阜県,***,"1,931,000",***,***,421338
2023100000,2023年度,22000,静岡県,***,"3,555,000",***,***,1200927
2023100000,2023年度,23000,愛知県,***,"7,477,000",***,***,3098823
2023100000,2023年度,24000,三重県,***,"1,727,000",***,***,488704
2023100000,2023年度,25000,滋賀県,***,"1,407,000",***,***,466879
2023100000,2023年度,26000,京都府,***,"2,535,000",***,***,879096
2023100000,2023年度,27000,大阪府,***,"8,763,000",***,***,5452535
2023100000,2023年度,28000,兵庫県,***,"5,370,000",***,***,1431512
2023100000,2023年度,29000,奈良県,***,"1,296,000",***,***,330693
2023100000,2023年度,30000,和歌山県,***,"892,000",***,***,228090
2023100000,2023年度,31000,鳥取県,***,"537,000",***,***,183023
2023100000,2023年度,32000,島根県,***,"650,000",***,***,169890
2023100000,2023年度,33000,岡山県,***,"1,847,000",***,***,776083
2023100000,2023年度,34000,広島県,***,"2,738,000",***,***,1390958
2023100000,2023年度,35000,山口県,***,"1,298,000",***,***,461238
2023100000,2023年度,36000,徳島県,***,"695,000",***,***,276022
2023100000,2023年度,37000,香川県,***,"926,000",***,***,382314
2023100000,2023年度,38000,愛媛県,***,"1,291,000",***,***,887694
2023100000,2023年度,39000,高知県,***,"666,000",***,***,199802
2023100000,2023年度,40000,福岡県,***,"5,103,000",***,***,2698451
2023100000,2023年度,41000,佐賀県,***,"795,000",***,***,177920
2023100000,2023年度,42000,長崎県,***,"1,267,000",***,***,357818
2023100000,2023年度,43000,熊本県,***,"1,709,000",***,***,604113
2023100000,2023年度,44000,大分県,***,"1,096,000",***,***,323322
2023100000,2023年度,45000,宮崎県,***,"1,042,000",***,***,332889
2023100000,2023年度,46000,鹿児島県,***,"1,549,000",***,***,497953
2023100000,2023年度,47000,沖縄県,***,"1,468,000",***,***,525719
2022100000,2022年度,1000,北海道,***,"5,140,000",***,***,1364756
2022100000,2022年度,2000,青森県,***,"1,204,000",***,***,336750
2022100000,2022年度,3000,岩手県,***,"1,181,000",***,***,319770
2022100000,2022年度,4000,宮城県,***,"2,280,000",***,***,910419
2022100000,2022年度,5000,秋田県,***,"930,000",***,***,257225
2022100000,2022年度,6000,山形県,***,"1,041,000",***,***,300102
2022100000,2022年度,7000,福島県,***,"1,790,000",***,***,473158
2022100000,2022年度,8000,茨城県,***,"2,840,000",***,***,724208
2022100000,2022年度,9000,栃木県,***,"1,909,000",***,***,601445
2022100000,2022年度,10000,群馬県,***,"1,913,000",***,***,535952
2022100000,2022年度,11000,埼玉県,***,"7,337,000",***,***,2040331
2022100000,2022年度,12000,千葉県,***,"6,266,000",***,***,1925915
2022100000,2022年度,13000,東京都,***,"14,038,000",***,***,28992644
2022100000,2022年度,14000,神奈川県,***,"9,232,000",***,***,2485840
2022100000,2022年度,15000,新潟県,***,"2,153,000",***,***,617631
2022100000,2022年度,16000,富山県,***,"1,017,000",***,***,419243
2022100000,2022年度,17000,石川県,***,"1,118,000",***,***,395426
2022100000,2022年度,18000,福井県,***,"753,000",***,***,239494
2022100000,2022年度,19000,山梨県,***,"802,000",***,***,160737
2022100000,2022年度,20000,長野県,***,"2,020,000",***,***,458091
2022100000,2022年度,21000,岐阜県,***,"1,946,000",***,***,405948
2022100000,2022年度,22000,静岡県,***,"3,582,000",***,***,1210269
2022100000,2022年度,23000,愛知県,***,"7,495,000",***,***,2986565
2022100000,2022年度,24000,三重県,***,"1,742,000",***,***,476870
2022100000,2022年度,25000,滋賀県,***,"1,409,000",***,***,462036
2022100000,2022年度,26000,京都府,***,"2,550,000",***,***,823679
2022100000,2022年度,27000,大阪府,***,"8,782,000",***,***,5226807
2022100000,2022年度,28000,兵庫県,***,"5,402,000",***,***,1381072
2022100000,2022年度,29000,奈良県,***,"1,306,000",***,***,328040
2022100000,2022年度,30000,和歌山県,***,"903,000",***,***,222975
2022100000,2022年度,31000,鳥取県,***,"544,000",***,***,181868
2022100000,2022年度,32000,島根県,***,"658,000",***,***,167901
2022100000,2022年度,33000,岡山県,***,"1,862,000",***,***,733895
2022100000,2022年度,34000,広島県,***,"2,760,000",***,***,1340540
2022100000,2022年度,35000,山口県,***,"1,313,000",***,***,456988
2022100000,2022年度,36000,徳島県,***,"704,000",***,***,272311
2022100000,2022年度,37000,香川県,***,"934,000",***,***,372419
2022100000,2022年度,38000,愛媛県,***,"1,306,000",***,***,837034
2022100000,2022年度,39000,高知県,***,"676,000",***,***,199395
2022100000,2022年度,40000,福岡県,***,"5,116,000",***,***,2609927
2022100000,2022年度,41000,佐賀県,***,"801,000",***,***,172450
2022100000,2022年度,42000,長崎県,***,"1,283,000",***,***,356970
2022100000,2022年度,43000,熊本県,***,"1,718,000",***,***,579432
2022100000,2022年度,44000,大分県,***,"1,107,000",***,***,315279
2022100000,2022年度,45000,宮崎県,***,"1,052,000",***,***,331559
2022100000,2022年度,46000,鹿児島県,***,"1,563,000",***,***,492588
2022100000,2022年度,47000,沖縄県,***,"1,468,000",***,***,518971
2021100000,2021年度,1000,北海道,***,"5,183,000",***,"370,486,187",1358244
2021100000,2021年度,2000,青森県,***,"1,221,000",***,"59,339,041",333890
2021100000,2021年度,3000,岩手県,***,"1,196,000",***,"122,496,973",313442
2021100000,2021年度,4000,宮城県,***,"2,290,000",***,"103,231,191",870762
2021100000,2021年度,5000,秋田県,***,"945,000",***,"34,765,897",254757
2021100000,2021年度,6000,山形県,***,"1,055,000",***,"104,978,382",294600
2021100000,2021年度,7000,福島県,***,"1,812,000",***,"112,106,570",462119
2021100000,2021年度,8000,茨城県,***,"2,852,000",***,"100,496,674",718042
2021100000,2021年度,9000,栃木県,***,"1,921,000",***,"161,271,189",594993
2021100000,2021年度,10000,群馬県,***,"1,927,000",***,"139,033,590",526812
2021100000,2021年度,11000,埼玉県,***,"7,340,000",***,"9,506,862",1994383
2021100000,2021年度,12000,千葉県,***,"6,275,000",***,"235,904,934",1871688
2021100000,2021年度,13000,東京都,***,"14,010,000",***,"233,094,202",27853311
2021100000,2021年度,14000,神奈川県,***,"9,236,000",***,"7,956,103",2377632
2021100000,2021年度,15000,新潟県,***,"2,177,000",***,"173,497,044",620469
2021100000,2021年度,16000,富山県,***,"1,025,000",***,"68,601,010",418880
2021100000,2021年度,17000,石川県,***,"1,125,000",***,"56,797,813",388857
2021100000,2021年度,18000,福井県,***,"760,000",***,"45,482,714",235480
2021100000,2021年度,19000,山梨県,***,"805,000",***,"77,375,019",150645
2021100000,2021年度,20000,長野県,***,"2,033,000",***,"161,192,792",454471
2021100000,2021年度,21000,岐阜県,***,"1,961,000",***,"31,052,238",399958
2021100000,2021年度,22000,静岡県,***,"3,608,000",***,"4,675,189",1221010
2021100000,2021年度,23000,愛知県,***,"7,517,000",***,"182,402,920",2833438
2021100000,2021年度,24000,三重県,***,"1,756,000",***,"6,892,585",464890
2021100000,2021年度,25000,滋賀県,***,"1,411,000",***,"63,696,551",453998
2021100000,2021年度,26000,京都府,***,"2,561,000",***,"155,143,506",804664
2021100000,2021年度,27000,大阪府,***,"8,806,000",***,"776,707,810",4964509
2021100000,2021年度,28000,兵庫県,***,"5,432,000",***,"763,403,573",1328202
2021100000,2021年度,29000,奈良県,***,"1,315,000",***,"5,275,102",328237
2021100000,2021年度,30000,和歌山県,***,"914,000",***,"58,484,936",215601
2021100000,2021年度,31000,鳥取県,***,"549,000",***,"2,107,744",180342
2021100000,2021年度,32000,島根県,***,"665,000",***,"49,214,968",166521
2021100000,2021年度,33000,岡山県,***,"1,876,000",***,"35,601,713",691409
2021100000,2021年度,34000,広島県,***,"2,780,000",***,"74,882,069",1287925
2021100000,2021年度,35000,山口県,***,"1,328,000",***,"70,560,057",443684
2021100000,2021年度,36000,徳島県,***,"712,000",***,"63,807,210",264942
2021100000,2021年度,37000,香川県,***,"942,000",***,"38,927,247",360222
2021100000,2021年度,38000,愛媛県,***,"1,321,000",***,"83,485,668",787170
2021100000,2021年度,39000,高知県,***,"684,000",***,"1,896,244",199160
2021100000,2021年度,40000,福岡県,***,"5,124,000",***,"345,456,611",2522649
2021100000,2021年度,41000,佐賀県,***,"806,000",***,"74,923,057",166912
2021100000,2021年度,42000,長崎県,***,"1,297,000",***,"34,730,665",354375
2021100000,2021年度,43000,熊本県,***,"1,728,000",***,"77,349,424",562902
2021100000,2021年度,44000,大分県,***,"1,114,000",***,"73,344,961",305218
2021100000,2021年度,45000,宮崎県,***,"1,061,000",***,"40,069,842",329246
2021100000,2021年度,46000,鹿児島県,***,"1,576,000",***,"2,445,281",482557
2021100000,2021年度,47000,沖縄県,***,"1,468,000",***,"54,818,233",513316
2020100000,2020年度,1000,北海道,***,"5,224,614","2,836,971","578,724,771",1330980
2020100000,2020年度,2000,青森県,***,"1,237,984","997,308","68,144,755",324712
2020100000,2020年度,3000,岩手県,***,"1,210,534","863,946","190,628,642",304530
2020100000,2020年度,4000,宮城県,***,"2,301,996","1,249,827","115,694,848",849836
2020100000,2020年度,5000,秋田県,***,"959,502","665,461","85,368,191",250885
2020100000,2020年度,6000,山形県,***,"1,068,027","803,673","101,931,860",297355
2020100000,2020年度,7000,福島県,***,"1,833,152","1,226,767","136,938,628",456163
2020100000,2020年度,8000,茨城県,***,"2,867,009","2,115,876","117,800,848",714893
2020100000,2020年度,9000,栃木県,***,"1,933,146","1,618,775","142,196,425",589414
2020100000,2020年度,10000,群馬県,***,"1,939,110","1,388,277","202,907,914",525248
2020100000,2020年度,11000,埼玉県,***,"7,344,765","3,451,890","8,050,907",1973918
2020100000,2020年度,12000,千葉県,***,"6,284,480","2,667,663","337,008,803",1837160
2020100000,2020年度,13000,東京都,***,"14,047,594","25,103,637","752,571,121",27502943
2020100000,2020年度,14000,神奈川県,***,"9,237,337","3,083,861","5,679,761",2375750
2020100000,2020年度,15000,新潟県,***,"2,201,272","1,291,738","165,057,679",620889
2020100000,2020年度,16000,富山県,***,"1,034,814","783,200","69,001,318",414491
2020100000,2020年度,17000,石川県,***,"1,132,526","436,364","40,433,308",381728
2020100000,2020年度,18000,福井県,***,"766,863","534,528","31,593,738",234339
2020100000,2020年度,19000,山梨県,***,"809,974","658,220","100,263,425",148614
2020100000,2020年度,20000,長野県,***,"2,048,011","979,598","87,528,423",447314
2020100000,2020年度,21000,岐阜県,***,"1,978,742","1,120,749","92,313,436",401145
2020100000,2020年度,22000,静岡県,***,"3,633,202","2,867,135","5,542,636",1246701
2020100000,2020年度,23000,愛知県,***,"7,542,415","5,521,219","183,227,694",2913239
2020100000,2020年度,24000,三重県,***,"1,770,254","1,209,733","7,179,286",451709
2020100000,2020年度,25000,滋賀県,***,"1,413,610","1,091,253","57,090,338",440879
2020100000,2020年度,26000,京都府,***,"2,578,087","1,615,631","232,164,601",810277
2020100000,2020年度,27000,大阪府,***,"8,837,685","3,056,654","876,899,705",4949309
2020100000,2020年度,28000,兵庫県,***,"5,465,002","2,995,781","635,118,180",1313667
2020100000,2020年度,29000,奈良県,***,"1,324,473","712,320","4,869,227",330234
2020100000,2020年度,30000,和歌山県,***,"922,584","948,468","71,756,386",211478
2020100000,2020年度,31000,鳥取県,***,"553,407","292,415","2,163,379",176410
2020100000,2020年度,32000,島根県,***,"671,126","458,715","41,518,992",162308
2020100000,2020年度,33000,岡山県,***,"1,888,432","891,132","36,766,203",678093
2020100000,2020年度,34000,広島県,***,"2,799,702","1,464,300","73,408,696",1254696
2020100000,2020年度,35000,山口県,***,"1,342,059","1,214,145","90,828,944",446144
2020100000,2020年度,36000,徳島県,***,"719,559","741,667","64,214,123",257210
2020100000,2020年度,37000,香川県,***,"950,244","458,928","39,211,534",350060
2020100000,2020年度,38000,愛媛県,***,"1,334,841","657,146","87,574,729",757046
2020100000,2020年度,39000,高知県,***,"691,527","453,387","1,861,950",196290
2020100000,2020年度,40000,福岡県,***,"5,135,214","1,662,098","198,948,179",2451685
2020100000,2020年度,41000,佐賀県,***,"811,442","485,592","87,588,154",165036
2020100000,2020年度,42000,長崎県,***,"1,312,317","574,637","58,360,034",347701
2020100000,2020年度,43000,熊本県,***,"1,738,301","968,769","70,466,843",547327
2020100000,2020年度,44000,大分県,***,"1,123,852","591,228","66,238,567",296977
2020100000,2020年度,45000,宮崎県,***,"1,069,576","517,614","49,227,991",325291
2020100000,2020年度,46000,鹿児島県,***,"1,588,256","1,012,048","2,399,937",472595
2020100000,2020年度,47000,沖縄県,***,"1,467,480","496,203","65,942,600",499809
2019100000,2019年度,1000,北海道,***,"5,259,000","3,662,053","127,764,836",1260915
2019100000,2019年度,2000,青森県,***,"1,253,000","1,052,952","32,967,956",317228
2019100000,2019年度,3000,岩手県,***,"1,226,000","1,014,583","116,628,707",289078
2019100000,2019年度,4000,宮城県,***,"2,312,000","1,604,734","73,009,654",827522
2019100000,2019年度,5000,秋田県,***,"972,000","799,675","42,311,312",244065
2019100000,2019年度,6000,山形県,***,"1,080,000","912,655","53,355,298",290034
2019100000,2019年度,7000,福島県,***,"1,852,000","1,319,051","86,718,587",437619
2019100000,2019年度,8000,茨城県,***,"2,879,000","2,565,189","48,914,415",699651
2019100000,2019年度,9000,栃木県,***,"1,943,000","2,104,256","47,400,668",577114
2019100000,2019年度,10000,群馬県,***,"1,949,000","1,961,386","23,680,192",510568
2019100000,2019年度,11000,埼玉県,***,"7,342,000","4,159,667","8,146,227",1931106
2019100000,2019年度,12000,千葉県,***,"6,283,000","3,080,744","129,615,119",1775080
2019100000,2019年度,13000,東京都,***,"14,007,000","29,896,866","297,647,879",25975051
2019100000,2019年度,14000,神奈川県,***,"9,224,000","3,675,105","6,270,605",2312702
2019100000,2019年度,15000,新潟県,***,"2,224,000","1,665,940","43,017,579",605261
2019100000,2019年度,16000,富山県,***,"1,043,000","991,982","15,959,917",404549
2019100000,2019年度,17000,石川県,***,"1,139,000","619,591","40,729,034",364663
2019100000,2019年度,18000,福井県,***,"771,000","627,726","5,816,222",218964
2019100000,2019年度,19000,山梨県,***,"815,000","747,869","29,052,355",138469
2019100000,2019年度,20000,長野県,***,"2,061,000","1,269,549","26,800,286",434506
2019100000,2019年度,21000,岐阜県,***,"1,992,000","1,498,040","25,565,550",389856
2019100000,2019年度,22000,静岡県,***,"3,653,000","3,752,306","6,574,297",1173876
2019100000,2019年度,23000,愛知県,***,"7,557,000","7,346,445","182,521,570",2406497
2019100000,2019年度,24000,三重県,***,"1,783,000","1,230,521","5,144,151",431109
2019100000,2019年度,25000,滋賀県,***,"1,416,000","1,357,390","13,787,193",422906
2019100000,2019年度,26000,京都府,***,"2,592,000","2,319,235","75,101,341",754756
2019100000,2019年度,27000,大阪府,***,"8,842,000","4,994,425","231,730,681",4721354
2019100000,2019年度,28000,兵庫県,***,"5,488,000","3,807,638","175,669,940",1278533
2019100000,2019年度,29000,奈良県,***,"1,333,000","914,441","5,387,669",314485
2019100000,2019年度,30000,和歌山県,***,"931,000","1,079,728","46,910,154",202582
2019100000,2019年度,31000,鳥取県,***,"557,000","362,388","5,093,807",168407
2019100000,2019年度,32000,島根県,***,"677,000","529,762","24,222,194",157034
2019100000,2019年度,33000,岡山県,***,"1,897,000","1,219,987","38,568,749",646779
2019100000,2019年度,34000,広島県,***,"2,813,000","1,950,348","35,141,358",1198824
2019100000,2019年度,35000,山口県,***,"1,357,000","1,376,979","32,512,925",429165
2019100000,2019年度,36000,徳島県,***,"728,000","833,665","63,596,836",245062
2019100000,2019年度,37000,香川県,***,"958,000","690,616","39,768,326",333247
2019100000,2019年度,38000,愛媛県,***,"1,346,000","954,081","54,577,463",729344
2019100000,2019年度,39000,高知県,***,"699,000","582,683","1,793,923",185966
2019100000,2019年度,40000,福岡県,***,"5,134,000","2,627,112","109,241,549",2314381
2019100000,2019年度,41000,佐賀県,***,"817,000","655,767","23,848,990",158153
2019100000,2019年度,42000,長崎県,***,"1,327,000","759,860","20,234,491",335368
2019100000,2019年度,43000,熊本県,***,"1,749,000","1,327,058","51,893,990",515094
2019100000,2019年度,44000,大分県,***,"1,134,000","749,767","29,612,497",289150
2019100000,2019年度,45000,宮崎県,***,"1,077,000","692,876","26,238,628",313688
2019100000,2019年度,46000,鹿児島県,***,"1,602,000","1,326,407","2,389,723",456632
2019100000,2019年度,47000,沖縄県,***,"1,462,000","747,174","19,675,318",477111
2018100000,2018年度,1000,北海道,***,"5,293,000","3,790,560","151,006,789",1230877
2018100000,2018年度,2000,青森県,***,"1,268,000","964,426","35,746,606",318670
2018100000,2018年度,3000,岩手県,***,"1,240,000","1,073,405","124,225,008",285202
2018100000,2018年度,4000,宮城県,***,"2,320,000","1,883,747","75,470,268",810367
2018100000,2018年度,5000,秋田県,***,"985,000","761,176","55,386,765",245880
2018100000,2018年度,6000,山形県,***,"1,092,000","848,839","59,070,401",292709
2018100000,2018年度,7000,福島県,***,"1,869,000","1,485,304","82,681,735",428085
2018100000,2018年度,8000,茨城県,***,"2,892,000","2,929,632","50,586,953",693990
2018100000,2018年度,9000,栃木県,***,"1,953,000","2,277,939","54,298,322",571383
2018100000,2018年度,10000,群馬県,***,"1,957,000","2,123,531","31,751,690",495320
2018100000,2018年度,11000,埼玉県,***,"7,325,000","4,382,103","8,330,030",1918708
2018100000,2018年度,12000,千葉県,***,"6,273,000","3,633,107","129,356,644",1740116
2018100000,2018年度,13000,東京都,***,"13,887,000","31,282,519","278,174,720",25314182
2018100000,2018年度,14000,神奈川県,***,"9,197,000","4,281,113","7,218,212",2299383
2018100000,2018年度,15000,新潟県,***,"2,246,000","1,776,004","47,575,307",591999
2018100000,2018年度,16000,富山県,***,"1,050,000","1,032,373","18,282,041",398677
2018100000,2018年度,17000,石川県,***,"1,145,000","791,848","37,986,384",355374
2018100000,2018年度,18000,福井県,***,"777,000","622,639","12,618,807",212956
2018100000,2018年度,19000,山梨県,***,"821,000","762,630","33,256,355",134598
2018100000,2018年度,20000,長野県,***,"2,073,000","1,328,075","29,392,330",426652
2018100000,2018年度,21000,岐阜県,***,"2,001,000","1,582,269","26,899,316",385285
2018100000,2018年度,22000,静岡県,***,"3,667,000","3,990,427","8,261,104",1198756
2018100000,2018年度,23000,愛知県,***,"7,541,000","8,944,762","190,086,940",2329458
2018100000,2018年度,24000,三重県,***,"1,793,000","1,699,543","5,317,350",424378
2018100000,2018年度,25000,滋賀県,***,"1,414,000","1,369,911","14,529,723",408829
2018100000,2018年度,26000,京都府,***,"2,598,000","2,323,029","69,250,968",731870
2018100000,2018年度,27000,大阪府,***,"8,838,000","5,080,002","252,339,834",4613359
2018100000,2018年度,28000,兵庫県,***,"5,501,000","4,258,664","191,469,699",1265906
2018100000,2018年度,29000,奈良県,***,"1,341,000","904,891","8,018,304",314248
2018100000,2018年度,30000,和歌山県,***,"940,000","1,077,856","50,360,514",198075
2018100000,2018年度,31000,鳥取県,***,"562,000","355,781","2,704,565",167502
2018100000,2018年度,32000,島根県,***,"682,000","542,483","30,112,186",153472
2018100000,2018年度,33000,岡山県,***,"1,904,000","1,146,769","47,585,521",625695
2018100000,2018年度,34000,広島県,***,"2,824,000","2,111,094","39,533,627",1157621
2018100000,2018年度,35000,山口県,***,"1,369,000","1,513,342","37,056,063",425157
2018100000,2018年度,36000,徳島県,***,"736,000","838,636","70,190,783",236877
2018100000,2018年度,37000,香川県,***,"963,000","665,113","39,922,858",327768
2018100000,2018年度,38000,愛媛県,***,"1,357,000","984,620","61,872,251",698517
2018100000,2018年度,39000,高知県,***,"707,000","562,929","2,048,080",183466
2018100000,2018年度,40000,福岡県,***,"5,131,000","2,892,037","109,320,811",2255977
2018100000,2018年度,41000,佐賀県,***,"821,000","702,501","23,236,090",158346
2018100000,2018年度,42000,長崎県,***,"1,341,000","763,659","22,204,186",335734
2018100000,2018年度,43000,熊本県,***,"1,759,000","1,362,621","46,583,632",489698
2018100000,2018年度,44000,大分県,***,"1,143,000","856,211","31,336,701",287441
2018100000,2018年度,45000,宮崎県,***,"1,084,000","737,852","31,479,489",305811
2018100000,2018年度,46000,鹿児島県,***,"1,614,000","1,346,969","3,382,423",440604
2018100000,2018年度,47000,沖縄県,***,"1,454,000","711,586","17,106,809",453813
2017100000,2017年度,1000,北海道,***,"5,325,000","4,107,515","171,308,464",1207357
2017100000,2017年度,2000,青森県,***,"1,282,000","1,043,591","35,505,752",314296
2017100000,2017年度,3000,岩手県,***,"1,254,000","1,066,828","127,816,876",275546
2017100000,2017年度,4000,宮城県,***,"2,326,000","2,024,826","78,909,028",773058
2017100000,2017年度,5000,秋田県,***,"999,000","851,259","62,612,162",245014
2017100000,2017年度,6000,山形県,***,"1,103,000","931,175","55,830,611",291159
2017100000,2017年度,7000,福島県,***,"1,886,000","1,568,679","86,549,843",416536
2017100000,2017年度,8000,茨城県,***,"2,902,000","3,130,804","59,007,235",683559
2017100000,2017年度,9000,栃木県,***,"1,962,000","2,272,985","74,706,685",566480
2017100000,2017年度,10000,群馬県,***,"1,963,000","2,285,844","41,007,320",484231
2017100000,2017年度,11000,埼玉県,***,"7,307,000","5,008,169","8,572,322",1883562
2017100000,2017年度,12000,千葉県,***,"6,258,000","3,907,825","135,303,067",1693721
2017100000,2017年度,13000,東京都,***,"13,768,000","31,558,534","258,644,498",24458213
2017100000,2017年度,14000,神奈川県,***,"9,173,000","4,818,021","6,577,626",2266074
2017100000,2017年度,15000,新潟県,***,"2,267,000","1,801,619","53,403,052",571612
2017100000,2017年度,16000,富山県,***,"1,056,000","942,138","22,896,095",392714
2017100000,2017年度,17000,石川県,***,"1,148,000","756,902","33,072,666",341233
2017100000,2017年度,18000,福井県,***,"780,000","567,055","5,762,429",208691
2017100000,2017年度,19000,山梨県,***,"826,000","767,284","35,248,441",130019
2017100000,2017年度,20000,長野県,***,"2,082,000","1,342,681","34,042,676",414680
2017100000,2017年度,21000,岐阜県,***,"2,012,000","1,517,047","30,194,664",494834
2017100000,2017年度,22000,静岡県,***,"3,681,000","4,205,231","11,565,830",1218476
2017100000,2017年度,23000,愛知県,***,"7,528,000","9,222,747","183,343,081",2158445
2017100000,2017年度,24000,三重県,***,"1,801,000","1,783,645","5,754,025",413989
2017100000,2017年度,25000,滋賀県,***,"1,414,000","1,424,615","16,048,558",393797
2017100000,2017年度,26000,京都府,***,"2,604,000","2,421,000","100,074,824",703527
2017100000,2017年度,27000,大阪府,***,"8,841,000","5,541,158","270,228,488",4529396
2017100000,2017年度,28000,兵庫県,***,"5,515,000","4,621,852","205,141,352",1246496
2017100000,2017年度,29000,奈良県,***,"1,349,000","886,730","22,270,564",313849
2017100000,2017年度,30000,和歌山県,***,"948,000","1,045,698","58,557,310",195556
2017100000,2017年度,31000,鳥取県,***,"566,000","370,729","7,327,657",161800
2017100000,2017年度,32000,島根県,***,"687,000","578,891","38,089,689",147679
2017100000,2017年度,33000,岡山県,***,"1,911,000","1,233,798","41,562,342",599091
2017100000,2017年度,34000,広島県,***,"2,833,000","2,555,157","28,005,749",1105639
2017100000,2017年度,35000,山口県,***,"1,382,000","1,590,344","39,943,362",407071
2017100000,2017年度,36000,徳島県,***,"744,000","830,392","65,251,087",228893
2017100000,2017年度,37000,香川県,***,"968,000","719,200","49,690,795",319498
2017100000,2017年度,38000,愛媛県,***,"1,368,000","980,555","56,999,692",673776
2017100000,2017年度,39000,高知県,***,"714,000","560,165","13,770,996",181538
2017100000,2017年度,40000,福岡県,***,"5,123,000","3,119,276","109,616,889",2194218
2017100000,2017年度,41000,佐賀県,***,"825,000","656,312","26,601,530",156917
2017100000,2017年度,42000,長崎県,***,"1,355,000","761,651","26,436,519",333076
2017100000,2017年度,43000,熊本県,***,"1,767,000","1,443,540","79,391,569",465303
2017100000,2017年度,44000,大分県,***,"1,152,000","825,419","32,630,880",285083
2017100000,2017年度,45000,宮崎県,***,"1,091,000","766,623","30,608,841",294944
2017100000,2017年度,46000,鹿児島県,***,"1,626,000","1,484,420","3,249,263",424207
2017100000,2017年度,47000,沖縄県,***,"1,448,000","771,241","14,640,342",427159
2016100000,2016年度,1000,北海道,***,"5,355,000","4,034,049","181,973,120",1170271
2016100000,2016年度,2000,青森県,***,"1,295,000","1,002,268","42,018,830",300127
2016100000,2016年度,3000,岩手県,***,"1,268,000","989,696","135,100,350",273129
2016100000,2016年度,4000,宮城県,***,"2,332,000","2,058,909","85,843,404",742738
2016100000,2016年度,5000,秋田県,***,"1,011,000","788,041","77,018,966",242309
2016100000,2016年度,6000,山形県,***,"1,114,000","811,019","56,190,895",285321
2016100000,2016年度,7000,福島県,***,"1,903,000","1,481,921","91,897,027",400949
2016100000,2016年度,8000,茨城県,***,"2,910,000","2,693,130","82,391,238",671394
2016100000,2016年度,9000,栃木県,***,"1,969,000","2,128,554","79,961,714",560247
2016100000,2016年度,10000,群馬県,***,"1,969,000","2,192,922","50,352,308",473614
2016100000,2016年度,11000,埼玉県,***,"7,288,000","4,739,502","9,166,333",1843380
2016100000,2016年度,12000,千葉県,***,"6,242,000","3,779,482","142,802,152",1633733
2016100000,2016年度,13000,東京都,***,"13,646,000","31,212,764","251,384,253",23632401
2016100000,2016年度,14000,神奈川県,***,"9,152,000","4,961,855","7,623,937",2237726
2016100000,2016年度,15000,新潟県,***,"2,286,000","1,719,374","61,940,799",558796
2016100000,2016年度,16000,富山県,***,"1,061,000","870,123","28,342,509",384408
2016100000,2016年度,17000,石川県,***,"1,151,000","765,337","48,255,151",327657
2016100000,2016年度,18000,福井県,***,"783,000","528,914","10,939,272",204811
2016100000,2016年度,19000,山梨県,***,"831,000","665,976","39,741,025",130988
2016100000,2016年度,20000,長野県,***,"2,091,000","1,228,234","39,837,485",403725
2016100000,2016年度,21000,岐阜県,***,"2,024,000","1,463,799","31,143,060",487275
2016100000,2016年度,22000,静岡県,***,"3,690,000","4,224,888","9,222,499",1193781
2016100000,2016年度,23000,愛知県,***,"7,509,000","8,818,506","183,519,836",2095396
2016100000,2016年度,24000,三重県,***,"1,809,000","1,674,144","9,232,569",404026
2016100000,2016年度,25000,滋賀県,***,"1,414,000","1,283,003","18,615,684",379652
2016100000,2016年度,26000,京都府,***,"2,608,000","2,498,481","100,929,510",678035
2016100000,2016年度,27000,大阪府,***,"8,841,000","5,108,991","309,043,050",4481747
2016100000,2016年度,28000,兵庫県,***,"5,526,000","4,415,469","227,553,416",1216345
2016100000,2016年度,29000,奈良県,***,"1,357,000","882,528","19,212,213",313390
2016100000,2016年度,30000,和歌山県,***,"956,000","1,165,750","66,863,080",194293
2016100000,2016年度,31000,鳥取県,***,"570,000","335,898","4,976,911",156733
2016100000,2016年度,32000,島根県,***,"691,000","622,927","46,988,407",139930
2016100000,2016年度,33000,岡山県,***,"1,917,000","1,183,172","43,561,592",556215
2016100000,2016年度,34000,広島県,***,"2,840,000","2,644,604","27,766,383",1063416
2016100000,2016年度,35000,山口県,***,"1,394,000","1,576,354","43,935,806",389445
2016100000,2016年度,36000,徳島県,***,"750,000","804,179","61,012,720",220612
2016100000,2016年度,37000,香川県,***,"973,000","746,218","40,243,285",312568
2016100000,2016年度,38000,愛媛県,***,"1,377,000","922,386","59,082,054",648821
2016100000,2016年度,39000,高知県,***,"721,000","548,577","8,132,467",179820
2016100000,2016年度,40000,福岡県,***,"5,113,000","3,182,637","111,123,248",2109984
2016100000,2016年度,41000,佐賀県,***,"829,000","622,917","25,676,254",153365
2016100000,2016年度,42000,長崎県,***,"1,367,000","833,769","27,016,477",322911
2016100000,2016年度,43000,熊本県,***,"1,775,000","1,288,064","87,428,570",441028
2016100000,2016年度,44000,大分県,***,"1,160,000","751,086","32,644,911",282553
2016100000,2016年度,45000,宮崎県,***,"1,097,000","736,151","34,762,818",283478
2016100000,2016年度,46000,鹿児島県,***,"1,637,000","1,298,792","3,864,262",410411
2016100000,2016年度,47000,沖縄県,***,"1,442,000","815,031","12,448,920",402242
2015100000,2015年度,1000,北海道,***,"5,381,733","4,257,474","195,885,056",1141993
2015100000,2015年度,2000,青森県,***,"1,308,265","1,144,017","44,205,723",288835
2015100000,2015年度,3000,岩手県,***,"1,279,594","996,817","134,382,993",273560
2015100000,2015年度,4000,宮城県,***,"2,333,899","2,188,520","97,439,236",723403
2015100000,2015年度,5000,秋田県,***,"1,023,119","756,374","82,343,276",238841
2015100000,2015年度,6000,山形県,***,"1,123,891","773,337","59,279,447",275628
2015100000,2015年度,7000,福島県,***,"1,914,039","1,427,225","110,742,977",382049
2015100000,2015年度,8000,茨城県,***,"2,916,976","2,874,245","126,965,980",661894
2015100000,2015年度,9000,栃木県,***,"1,974,255","2,115,520","83,636,313",547276
2015100000,2015年度,10000,群馬県,***,"1,973,115","2,242,377","60,378,028",462851
2015100000,2015年度,11000,埼玉県,***,"7,266,534","4,907,858","8,880,770",1803082
2015100000,2015年度,12000,千葉県,***,"6,222,666","4,080,876","145,129,681",1586740
2015100000,2015年度,13000,東京都,***,"13,515,271","32,969,686","243,057,707",22971589
2015100000,2015年度,14000,神奈川県,***,"9,126,214","5,327,522","7,569,151",2210090
2015100000,2015年度,15000,新潟県,***,"2,304,264","1,671,613","69,516,230",538008
2015100000,2015年度,16000,富山県,***,"1,066,328","998,055","36,131,246",370960
2015100000,2015年度,17000,石川県,***,"1,154,008","824,418","35,969,724",324947
2015100000,2015年度,18000,福井県,***,"786,740","615,231","13,842,365",200989
2015100000,2015年度,19000,山梨県,***,"834,930","689,897","43,752,412",131626
2015100000,2015年度,20000,長野県,***,"2,098,804","1,300,606","44,109,789",396019
2015100000,2015年度,21000,岐阜県,***,"2,031,903","1,509,745","37,882,800",474512
2015100000,2015年度,22000,静岡県,***,"3,700,305","4,224,400","5,886,889",1165432
2015100000,2015年度,23000,愛知県,***,"7,483,128","10,233,086","190,978,467",2054116
2015100000,2015年度,24000,三重県,***,"1,815,865","1,541,053","7,373,171",397639
2015100000,2015年度,25000,滋賀県,***,"1,412,916","1,183,703","20,369,481",366960
2015100000,2015年度,26000,京都府,***,"2,610,353","2,669,975","108,359,318",651075
2015100000,2015年度,27000,大阪府,***,"8,839,469","5,366,613","337,403,140",4488321
2015100000,2015年度,28000,兵庫県,***,"5,534,800","4,463,025","247,970,889",1199487
2015100000,2015年度,29000,奈良県,***,"1,364,316","828,157","11,870,470",300221
2015100000,2015年度,30000,和歌山県,***,"963,579","989,329","68,575,183",188631
2015100000,2015年度,31000,鳥取県,***,"573,441","343,111","3,194,184",150320
2015100000,2015年度,32000,島根県,***,"694,352","668,040","52,748,391",133917
2015100000,2015年度,33000,岡山県,***,"1,921,525","1,290,336","76,599,169",513836
2015100000,2015年度,34000,広島県,***,"2,843,990","2,729,906","29,129,877",1026905
2015100000,2015年度,35000,山口県,***,"1,404,729","1,270,302","48,172,150",366261
2015100000,2015年度,36000,徳島県,***,"755,733","854,948","60,059,043",217060
2015100000,2015年度,37000,香川県,***,"976,263","734,815","40,283,105",306900
2015100000,2015年度,38000,愛媛県,***,"1,385,262","879,329","62,575,006",650595
2015100000,2015年度,39000,高知県,***,"728,276","545,919","8,349,353",179263
2015100000,2015年度,40000,福岡県,***,"5,101,556","3,225,887","111,501,705",2032337
2015100000,2015年度,41000,佐賀県,***,"832,832","635,373","31,937,983",149586
2015100000,2015年度,42000,長崎県,***,"1,377,187","755,589","27,255,483",310415
2015100000,2015年度,43000,熊本県,***,"1,786,170","1,158,548","22,798,168",417963
2015100000,2015年度,44000,大分県,***,"1,166,338","842,713","31,249,527",276921
2015100000,2015年度,45000,宮崎県,***,"1,104,069","707,165","38,376,313",269121
2015100000,2015年度,46000,鹿児島県,***,"1,648,177","1,285,364","3,508,668",389627
2015100000,2015年度,47000,沖縄県,***,"1,433,566","743,560","13,624,971",378492
2014100000,2014年度,1000,北海道,***,"5,410,000","3,799,541","209,635,791",1123629
2014100000,2014年度,2000,青森県,***,"1,323,000","1,026,518","49,102,839",279250
2014100000,2014年度,3000,岩手県,***,"1,290,000","1,169,377","133,969,333",269143
2014100000,2014年度,4000,宮城県,***,"2,335,000","1,807,007","107,888,521",691000
2014100000,2014年度,5000,秋田県,***,"1,037,000","733,289","96,808,804",234568
2014100000,2014年度,6000,山形県,***,"1,134,000","701,381","64,114,772",268310
2014100000,2014年度,7000,福島県,***,"1,927,000","1,327,960","118,706,765",365628
2014100000,2014年度,8000,茨城県,***,"2,927,000","2,464,739","93,477,914",667517
2014100000,2014年度,9000,栃木県,***,"1,980,000","1,767,759","93,085,294",522854
2014100000,2014年度,10000,群馬県,***,"1,979,000","2,026,541","72,914,424",439594
2014100000,2014年度,11000,埼玉県,***,"7,247,000","4,372,343","10,852,728",1751775
2014100000,2014年度,12000,千葉県,***,"6,209,000","3,542,272","150,002,601",1531764
2014100000,2014年度,13000,東京都,***,"13,399,000","30,796,896","245,705,541",21939610
2014100000,2014年度,14000,神奈川県,***,"9,103,000","4,769,017","10,149,662",2180531
2014100000,2014年度,15000,新潟県,***,"2,320,000","1,471,331","77,154,399",525349
2014100000,2014年度,16000,富山県,***,"1,072,000","886,759","42,506,540",360476
2014100000,2014年度,17000,石川県,***,"1,157,000","771,536","35,714,394",323272
2014100000,2014年度,18000,福井県,***,"791,000","445,323","17,515,134",201271
2014100000,2014年度,19000,山梨県,***,"841,000","571,232","46,673,863",131395
2014100000,2014年度,20000,長野県,***,"2,110,000","1,096,862","52,700,107",386000
2014100000,2014年度,21000,岐阜県,***,"2,043,000","1,366,203","40,585,441",454630
2014100000,2014年度,22000,静岡県,***,"3,715,000","3,644,013","6,197,594",1136423
2014100000,2014年度,23000,愛知県,***,"7,464,000","8,887,567","191,461,938",2018614
2014100000,2014年度,24000,三重県,***,"1,826,000","1,346,879","6,840,883",394488
2014100000,2014年度,25000,滋賀県,***,"1,414,000","1,142,808","23,581,182",353905
2014100000,2014年度,26000,京都府,***,"2,616,000","2,294,152","112,884,039",645722
2014100000,2014年度,27000,大阪府,***,"8,845,000","4,505,362","359,174,351",4510839
2014100000,2014年度,28000,兵庫県,***,"5,550,000","3,761,896","310,026,983",1182340
2014100000,2014年度,29000,奈良県,***,"1,373,000","849,662","9,867,036",281145
2014100000,2014年度,30000,和歌山県,***,"972,000","1,028,832","70,281,427",184626
2014100000,2014年度,31000,鳥取県,***,"577,000","288,427","3,359,271",145770
2014100000,2014年度,32000,島根県,***,"699,000","549,415","58,738,565",129224
2014100000,2014年度,33000,岡山県,***,"1,926,000","863,255","61,724,904",487070
2014100000,2014年度,34000,広島県,***,"2,846,000","2,430,117","27,530,822",987984
2014100000,2014年度,35000,山口県,***,"1,415,000","1,488,239","55,375,562",349399
2014100000,2014年度,36000,徳島県,***,"763,000","755,388","63,459,278",213691
2014100000,2014年度,37000,香川県,***,"980,000","623,194","40,399,093",302071
2014100000,2014年度,38000,愛媛県,***,"1,396,000","792,544","64,703,666",636266
2014100000,2014年度,39000,高知県,***,"736,000","532,056","8,761,257",176809
2014100000,2014年度,40000,福岡県,***,"5,099,000","2,912,241","112,088,783",1942039
2014100000,2014年度,41000,佐賀県,***,"837,000","564,317","25,276,929",143237
2014100000,2014年度,42000,長崎県,***,"1,387,000","421,302","31,252,884",301693
2014100000,2014年度,43000,熊本県,***,"1,795,000","968,692","24,820,819",401115
2014100000,2014年度,44000,大分県,***,"1,173,000","655,492","34,750,445",266630
2014100000,2014年度,45000,宮崎県,***,"1,112,000","635,428","41,414,562",249741
2014100000,2014年度,46000,鹿児島県,***,"1,662,000","1,158,682","4,790,619",369837
2014100000,2014年度,47000,沖縄県,***,"1,426,000","651,060","12,649,699",357652
2013100000,2013年度,1000,北海道,***,"5,438,000","4,019,497","233,833,347",1107764
2013100000,2013年度,2000,青森県,***,"1,337,000","1,057,127","50,084,675",269723
2013100000,2013年度,3000,岩手県,***,"1,299,000","1,232,220","134,311,406",260685
2013100000,2013年度,4000,宮城県,***,"2,333,000","1,680,946","144,583,170",652162
2013100000,2013年度,5000,秋田県,***,"1,050,000","771,278","103,302,464",224315
2013100000,2013年度,6000,山形県,***,"1,144,000","823,523","65,741,076",260658
2013100000,2013年度,7000,福島県,***,"1,940,000","1,356,143","145,574,289",359206
2013100000,2013年度,8000,茨城県,***,"2,937,000","2,440,297","101,423,297",641360
2013100000,2013年度,9000,栃木県,***,"1,986,000","1,835,278","99,103,508",505551
2013100000,2013年度,10000,群馬県,***,"1,986,000","2,128,768","87,724,935",426524
2013100000,2013年度,11000,埼玉県,***,"7,228,000","4,730,357","13,398,513",1705140
2013100000,2013年度,12000,千葉県,***,"6,201,000","3,749,818","164,883,886",1494504
2013100000,2013年度,13000,東京都,***,"13,307,000","31,746,405","285,152,339",21271764
2013100000,2013年度,14000,神奈川県,***,"9,084,000","5,676,629","9,228,340",2161661
2013100000,2013年度,15000,新潟県,***,"2,336,000","1,619,673","84,724,575",515277
2013100000,2013年度,16000,富山県,***,"1,077,000","916,263","50,501,936",349451
2013100000,2013年度,17000,石川県,***,"1,160,000","836,059","37,505,686",313977
2013100000,2013年度,18000,福井県,***,"796,000","544,064","23,260,199",198877
2013100000,2013年度,19000,山梨県,***,"847,000","696,690","47,394,982",132847
2013100000,2013年度,20000,長野県,***,"2,122,000","1,200,555","57,025,374",381411
2013100000,2013年度,21000,岐阜県,***,"2,053,000","1,378,888","46,773,563",448083
2013100000,2013年度,22000,静岡県,***,"3,730,000","3,806,445","4,383,327",1096843
2013100000,2013年度,23000,愛知県,***,"7,449,000","9,000,461","192,388,036",1974165
2013100000,2013年度,24000,三重県,***,"1,833,000","1,461,849","8,347,651",389301
2013100000,2013年度,25000,滋賀県,***,"1,415,000","1,152,643","26,939,350",342097
2013100000,2013年度,26000,京都府,***,"2,622,000","2,456,910","120,043,418",652998
2013100000,2013年度,27000,大阪府,***,"8,856,000","4,888,612","419,730,981",4408818
2013100000,2013年度,28000,兵庫県,***,"5,565,000","4,022,748","356,653,826",1164746
2013100000,2013年度,29000,奈良県,***,"1,381,000","904,197","4,929,679",277766
2013100000,2013年度,30000,和歌山県,***,"980,000","1,169,798","77,269,703",180765
2013100000,2013年度,31000,鳥取県,***,"580,000","309,503","4,059,511",139913
2013100000,2013年度,32000,島根県,***,"704,000","567,031","63,282,699",124006
2013100000,2013年度,33000,岡山県,***,"1,932,000","1,156,571","62,841,170",466127
2013100000,2013年度,34000,広島県,***,"2,850,000","2,239,746","27,872,728",953638
2013100000,2013年度,35000,山口県,***,"1,425,000","1,469,257","74,755,210",328632
2013100000,2013年度,36000,徳島県,***,"769,000","750,411","54,487,919",210392
2013100000,2013年度,37000,香川県,***,"985,000","660,683","41,124,049",290748
2013100000,2013年度,38000,愛媛県,***,"1,406,000","927,479","66,470,799",622034
2013100000,2013年度,39000,高知県,***,"743,000","548,327","9,643,310",172808
2013100000,2013年度,40000,福岡県,***,"5,096,000","3,340,127","113,149,917",1861502
2013100000,2013年度,41000,佐賀県,***,"841,000","572,598","27,701,381",137666
2013100000,2013年度,42000,長崎県,***,"1,397,000","572,078","33,533,020",289609
2013100000,2013年度,43000,熊本県,***,"1,801,000","1,158,088","25,966,306",385872
2013100000,2013年度,44000,大分県,***,"1,180,000","672,465","36,779,076",257293
2013100000,2013年度,45000,宮崎県,***,"1,119,000","703,268","43,427,715",230434
2013100000,2013年度,46000,鹿児島県,***,"1,675,000","1,262,568","5,199,721",347221
2013100000,2013年度,47000,沖縄県,***,"1,419,000","749,337","12,922,330",337777
2012100000,2012年度,1000,北海道,***,"5,465,000","3,513,898","257,560,042",1106197
2012100000,2012年度,2000,青森県,***,"1,350,000","1,115,080","51,595,869",263989
2012100000,2012年度,3000,岩手県,***,"1,306,000","1,048,741","136,963,372",249899
2012100000,2012年度,4000,宮城県,***,"2,329,000","1,496,874","200,838,186",626141
2012100000,2012年度,5000,秋田県,***,"1,063,000","705,965","107,724,591",219039
2012100000,2012年度,6000,山形県,***,"1,153,000","697,474","70,702,612",253798
2012100000,2012年度,7000,福島県,***,"1,957,000","1,021,049","133,489,558",353429
2012100000,2012年度,8000,茨城県,***,"2,947,000","2,359,785","115,740,418",621373
2012100000,2012年度,9000,栃木県,***,"1,992,000","1,536,224","113,809,688",487437
2012100000,2012年度,10000,群馬県,***,"1,994,000","1,831,260","104,309,938",414737
2012100000,2012年度,11000,埼玉県,***,"7,216,000","4,080,180","15,728,574",1674375
2012100000,2012年度,12000,千葉県,***,"6,200,000","2,845,947","164,037,638",1463368
2012100000,2012年度,13000,東京都,***,"13,234,000","27,788,029","270,233,269",20480047
2012100000,2012年度,14000,神奈川県,***,"9,070,000","5,462,912","10,008,619",2150297
2012100000,2012年度,15000,新潟県,***,"2,350,000","1,436,945","101,135,916",510060
2012100000,2012年度,16000,富山県,***,"1,083,000","872,658","60,559,420",333887
2012100000,2012年度,17000,石川県,***,"1,164,000","688,110","59,363,085",307048
2012100000,2012年度,18000,福井県,***,"800,000","497,518","34,728,629",199027
2012100000,2012年度,19000,山梨県,***,"852,000","590,485","47,026,167",135183
2012100000,2012年度,20000,長野県,***,"2,132,000","1,116,569","64,161,282",375026
2012100000,2012年度,21000,岐阜県,***,"2,062,000","1,188,825","50,953,874",449286
2012100000,2012年度,22000,静岡県,***,"3,739,000","3,430,147","4,050,177",1057500
2012100000,2012年度,23000,愛知県,***,"7,431,000","8,045,820","207,499,020",1921486
2012100000,2012年度,24000,三重県,***,"1,841,000","1,194,974","7,210,731",387386
2012100000,2012年度,25000,滋賀県,***,"1,414,000","1,004,474","26,312,890",332511
2012100000,2012年度,26000,京都府,***,"2,628,000","2,386,059","108,649,207",667480
2012100000,2012年度,27000,大阪府,***,"8,861,000","4,462,352","486,950,269",4391827
2012100000,2012年度,28000,兵庫県,***,"5,575,000","3,545,499","378,262,308",1149451
2012100000,2012年度,29000,奈良県,***,"1,388,000","866,303","5,031,329",276806
2012100000,2012年度,30000,和歌山県,***,"988,000","1,112,850","76,760,424",177268
2012100000,2012年度,31000,鳥取県,***,"583,000","269,538","5,749,832",135473
2012100000,2012年度,32000,島根県,***,"708,000","534,314","66,182,014",121212
2012100000,2012年度,33000,岡山県,***,"1,937,000","946,425","64,418,411",458684
2012100000,2012年度,34000,広島県,***,"2,855,000","1,966,625","27,636,339",926039
2012100000,2012年度,35000,山口県,***,"1,434,000","1,345,657","61,668,518",316049
2012100000,2012年度,36000,徳島県,***,"775,000","623,943","54,074,849",210359
2012100000,2012年度,37000,香川県,***,"989,000","633,845","40,645,379",283318
2012100000,2012年度,38000,愛媛県,***,"1,415,000","783,158","71,158,380",605319
2012100000,2012年度,39000,高知県,***,"751,000","449,031","11,646,356",171777
2012100000,2012年度,40000,福岡県,***,"5,089,000","3,020,602","114,674,307",1797843
2012100000,2012年度,41000,佐賀県,***,"845,000","551,496","40,269,830",134367
2012100000,2012年度,42000,長崎県,***,"1,408,000","495,560","37,809,764",279188
2012100000,2012年度,43000,熊本県,***,"1,807,000","977,990","28,854,528",374809
2012100000,2012年度,44000,大分県,***,"1,186,000","671,167","39,487,871",253041
2012100000,2012年度,45000,宮崎県,***,"1,125,000","601,414","43,446,171",216287
2012100000,2012年度,46000,鹿児島県,***,"1,687,000","1,122,163","6,801,799",332845
2012100000,2012年度,47000,沖縄県,***,"1,411,000","660,675","12,437,553",324550
2011100000,2011年度,1000,北海道,***,"5,488,000","3,402,862","276,973,420",1101404
2011100000,2011年度,2000,青森県,***,"1,363,000","1,108,683","75,044,812",263500
2011100000,2011年度,3000,岩手県,***,"1,315,000","888,301","120,699,827",234584
2011100000,2011年度,4000,宮城県,***,"2,326,000","1,305,866","161,129,940",593286
2011100000,2011年度,5000,秋田県,***,"1,075,000","727,590","117,545,976",216402
2011100000,2011年度,6000,山形県,***,"1,162,000","663,021","76,284,481",249173
2011100000,2011年度,7000,福島県,***,"1,988,000","946,785","189,653,867",346604
2011100000,2011年度,8000,茨城県,***,"2,960,000","2,528,148","123,683,911",610323
2011100000,2011年度,9000,栃木県,***,"2,000,000","1,627,650","108,226,957",477233
2011100000,2011年度,10000,群馬県,***,"2,001,000","1,686,368","123,506,656",413261
2011100000,2011年度,11000,埼玉県,***,"7,209,000","4,152,661","17,013,411",1651205
2011100000,2011年度,12000,千葉県,***,"6,217,000","2,815,878","195,337,154",1433795
2011100000,2011年度,13000,東京都,***,"13,198,000","26,874,544","312,694,114",20099888
2011100000,2011年度,14000,神奈川県,***,"9,060,000","5,894,260","8,929,087",2116325
2011100000,2011年度,15000,新潟県,***,"2,364,000","1,388,454","108,962,942",506798
2011100000,2011年度,16000,富山県,***,"1,088,000","952,139","61,073,887",328491
2011100000,2011年度,17000,石川県,***,"1,167,000","607,795","27,341,299",302358
2011100000,2011年度,18000,福井県,***,"803,000","557,379","49,978,822",200063
2011100000,2011年度,19000,山梨県,***,"857,000","671,172","48,305,359",135173
2011100000,2011年度,20000,長野県,***,"2,142,000","1,150,603","74,147,931",376332
2011100000,2011年度,21000,岐阜県,***,"2,071,000","1,241,064","56,100,500",445369
2011100000,2011年度,22000,静岡県,***,"3,752,000","3,430,390","5,661,849",1036327
2011100000,2011年度,23000,愛知県,***,"7,418,000","7,106,915","210,562,532",1927344
2011100000,2011年度,24000,三重県,***,"1,847,000","1,177,251","15,843,684",391315
2011100000,2011年度,25000,滋賀県,***,"1,413,000","1,087,875","26,997,683",326852
2011100000,2011年度,26000,京都府,***,"2,633,000","2,333,106","127,036,190",669433
2011100000,2011年度,27000,大阪府,***,"8,863,000","4,900,876","559,414,727",4352735
2011100000,2011年度,28000,兵庫県,***,"5,584,000","3,585,044","460,553,091",1142000
2011100000,2011年度,29000,奈良県,***,"1,395,000","863,936","3,668,718",280368
2011100000,2011年度,30000,和歌山県,***,"995,000","1,059,651","77,967,591",177477
2011100000,2011年度,31000,鳥取県,***,"586,000","257,538","5,757,102",135753
2011100000,2011年度,32000,島根県,***,"713,000","518,609","70,446,615",118044
2011100000,2011年度,33000,岡山県,***,"1,941,000","1,072,766","65,951,524",465919
2011100000,2011年度,34000,広島県,***,"2,858,000","2,195,105","29,576,873",909895
2011100000,2011年度,35000,山口県,***,"1,444,000","1,393,906","71,194,412",317882
2011100000,2011年度,36000,徳島県,***,"780,000","730,175","53,367,550",213332
2011100000,2011年度,37000,香川県,***,"992,000","664,596","41,871,679",283015
2011100000,2011年度,38000,愛媛県,***,"1,424,000","1,050,131","74,709,403",590534
2011100000,2011年度,39000,高知県,***,"758,000","444,818","12,694,461",172169
2011100000,2011年度,40000,福岡県,***,"5,081,000","2,971,561","118,759,054",1718824
2011100000,2011年度,41000,佐賀県,***,"847,000","571,527","31,574,173",134081
2011100000,2011年度,42000,長崎県,***,"1,418,000","603,651","42,764,355",275572
2011100000,2011年度,43000,熊本県,***,"1,813,000","1,001,089","30,723,572",365827
2011100000,2011年度,44000,大分県,***,"1,192,000","712,318","42,851,991",250957
2011100000,2011年度,45000,宮崎県,***,"1,130,000","599,957","43,549,038",208803
2011100000,2011年度,46000,鹿児島県,***,"1,697,000","1,120,130","6,892,719",326273
2011100000,2011年度,47000,沖縄県,***,"1,402,000","642,800","13,313,221",318014
2010100000,2010年度,1000,北海道,***,"5,506,419",***,"288,649,481",1097440
2010100000,2010年度,2000,青森県,***,"1,373,339",***,"59,881,510",262846
2010100000,2010年度,3000,岩手県,***,"1,330,147",***,"81,439,306",227752
2010100000,2010年度,4000,宮城県,***,"2,348,165",***,"96,644,792",588060
2010100000,2010年度,5000,秋田県,***,"1,085,997",***,"103,465,164",209753
2010100000,2010年度,6000,山形県,***,"1,168,924",***,"74,024,639",244345
2010100000,2010年度,7000,福島県,***,"2,029,064",***,"83,653,157",340935
2010100000,2010年度,8000,茨城県,***,"2,969,770",***,"123,797,347",610980
2010100000,2010年度,9000,栃木県,***,"2,007,683",***,"118,260,291",471484
2010100000,2010年度,10000,群馬県,***,"2,008,068",***,"139,343,990",424141
2010100000,2010年度,11000,埼玉県,***,"7,194,556",***,"23,365,717",1636436
2010100000,2010年度,12000,千葉県,***,"6,216,289",***,"163,781,566",1413929
2010100000,2010年度,13000,東京都,***,"13,159,388",***,"272,678,936",20009092
2010100000,2010年度,14000,神奈川県,***,"9,048,331",***,"9,973,356",2111348
2010100000,2010年度,15000,新潟県,***,"2,374,450",***,"110,998,295",508702
2010100000,2010年度,16000,富山県,***,"1,093,247",***,"69,446,758",322759
2010100000,2010年度,17000,石川県,***,"1,169,788",***,"40,163,096",300758
2010100000,2010年度,18000,福井県,***,"806,314",***,"45,825,498",200014
2010100000,2010年度,19000,山梨県,***,"863,075",***,"42,363,700",135889
2010100000,2010年度,20000,長野県,***,"2,152,449",***,"77,121,626",380833
2010100000,2010年度,21000,岐阜県,***,"2,080,773",***,"54,354,743",444783
2010100000,2010年度,22000,静岡県,***,"3,765,007",***,"5,265,540",1023533
2010100000,2010年度,23000,愛知県,***,"7,410,719",***,"216,733,605",1895942
2010100000,2010年度,24000,三重県,***,"1,854,724",***,"11,165,300",392955
2010100000,2010年度,25000,滋賀県,***,"1,410,777",***,"30,239,810",329902
2010100000,2010年度,26000,京都府,***,"2,636,092",***,"117,741,304",681193
2010100000,2010年度,27000,大阪府,***,"8,865,245",***,"678,330,568",4437667
2010100000,2010年度,28000,兵庫県,***,"5,588,133",***,"529,335,381",1158488
2010100000,2010年度,29000,奈良県,***,"1,400,728",***,"4,221,537",281800
2010100000,2010年度,30000,和歌山県,***,"1,002,198",***,"68,325,720",176768
2010100000,2010年度,31000,鳥取県,***,"588,667",***,"8,383,270",137143
2010100000,2010年度,32000,島根県,***,"717,397",***,"69,557,253",116253
2010100000,2010年度,33000,岡山県,***,"1,945,276",***,"67,465,095",470776
2010100000,2010年度,34000,広島県,***,"2,860,750",***,"27,624,937",895299
2010100000,2010年度,35000,山口県,***,"1,451,338",***,"72,817,672",320712
2010100000,2010年度,36000,徳島県,***,"785,491",***,"52,413,065",216162
2010100000,2010年度,37000,香川県,***,"995,842",***,"41,072,637",281910
2010100000,2010年度,38000,愛媛県,***,"1,431,493",***,"72,617,852",577661
2010100000,2010年度,39000,高知県,***,"764,456",***,"13,640,520",175428
2010100000,2010年度,40000,福岡県,***,"5,071,968",***,"114,770,915",1666252
2010100000,2010年度,41000,佐賀県,***,"849,788",***,"34,722,203",134260
2010100000,2010年度,42000,長崎県,***,"1,426,779",***,"51,604,727",273959
2010100000,2010年度,43000,熊本県,***,"1,817,426",***,"32,477,614",356839
2010100000,2010年度,44000,大分県,***,"1,196,529",***,"44,902,233",251773
2010100000,2010年度,45000,宮崎県,***,"1,135,233",***,"169,359,611",201506
2010100000,2010年度,46000,鹿児島県,***,"1,706,242",***,"15,191,572",320969
2010100000,2010年度,47000,沖縄県,***,"1,392,818",***,"12,829,210",315860
2009100000,2009年度,1000,北海道,***,"5,524,000",***,"323,032,997",1095266
2009100000,2009年度,2000,青森県,***,"1,383,000",***,"46,367,395",261031
2009100000,2009年度,3000,岩手県,***,"1,340,000",***,"74,157,412",228251
2009100000,2009年度,4000,宮城県,***,"2,348,000",***,"97,190,752",591098
2009100000,2009年度,5000,秋田県,***,"1,097,000",***,"110,215,917",210441
2009100000,2009年度,6000,山形県,***,"1,178,000",***,"74,083,254",240459
2009100000,2009年度,7000,福島県,***,"2,041,000",***,"80,503,190",345582
2009100000,2009年度,8000,茨城県,***,"2,970,000",***,"140,809,942",614334
2009100000,2009年度,9000,栃木県,***,"2,011,000",***,"100,911,038",471717
2009100000,2009年度,10000,群馬県,***,"2,014,000",***,"155,546,360",437735
2009100000,2009年度,11000,埼玉県,***,"7,161,000",***,"31,042,636",1636353
2009100000,2009年度,12000,千葉県,***,"6,180,000",***,"156,704,841",1401283
2009100000,2009年度,13000,東京都,***,"13,048,000",***,"331,706,227",20570958
2009100000,2009年度,14000,神奈川県,***,"9,006,000",***,"18,702,714",2139938
2009100000,2009年度,15000,新潟県,***,"2,385,000",***,"117,287,153",513799
2009100000,2009年度,16000,富山県,***,"1,098,000",***,"61,290,635",325298
2009100000,2009年度,17000,石川県,***,"1,171,000",***,"27,838,920",303709
2009100000,2009年度,18000,福井県,***,"810,000",***,"48,850,332",211076
2009100000,2009年度,19000,山梨県,***,"867,000",***,"35,402,401",135274
2009100000,2009年度,20000,長野県,***,"2,162,000",***,"68,494,859",389970
2009100000,2009年度,21000,岐阜県,***,"2,091,000",***,"55,688,503",446241
2009100000,2009年度,22000,静岡県,***,"3,783,000",***,"6,941,167",1030312
2009100000,2009年度,23000,愛知県,***,"7,411,000",***,"256,417,284",1926230
2009100000,2009年度,24000,三重県,***,"1,864,000",***,"14,588,789",400458
2009100000,2009年度,25000,滋賀県,***,"1,409,000",***,"19,806,061",334638
2009100000,2009年度,26000,京都府,***,"2,637,000",***,"125,529,865",701687
2009100000,2009年度,27000,大阪府,***,"8,855,000",***,"631,834,149",4544430
2009100000,2009年度,28000,兵庫県,***,"5,591,000",***,"518,363,305",1171108
2009100000,2009年度,29000,奈良県,***,"1,404,000",***,"6,412,968",288269
2009100000,2009年度,30000,和歌山県,***,"1,008,000",***,"62,874,160",178644
2009100000,2009年度,31000,鳥取県,***,"592,000",***,"13,335,456",136409
2009100000,2009年度,32000,島根県,***,"721,000",***,"67,330,686",115888
2009100000,2009年度,33000,岡山県,***,"1,949,000",***,"76,256,156",476833
2009100000,2009年度,34000,広島県,***,"2,864,000",***,"27,003,066",901685
2009100000,2009年度,35000,山口県,***,"1,459,000",***,"77,108,138",318093
2009100000,2009年度,36000,徳島県,***,"790,000",***,"50,892,006",222396
2009100000,2009年度,37000,香川県,***,"999,000",***,"48,252,777",290304
2009100000,2009年度,38000,愛媛県,***,"1,438,000",***,"64,048,422",563966
2009100000,2009年度,39000,高知県,***,"769,000",***,"31,284,008",179437
2009100000,2009年度,40000,福岡県,***,"5,064,000",***,"119,659,407",1659879
2009100000,2009年度,41000,佐賀県,***,"853,000",***,"36,514,631",134539
2009100000,2009年度,42000,長崎県,***,"1,434,000",***,"58,483,540",277152
2009100000,2009年度,43000,熊本県,***,"1,821,000",***,"28,306,351",352140
2009100000,2009年度,44000,大分県,***,"1,200,000",***,"44,848,303",250438
2009100000,2009年度,45000,宮崎県,***,"1,138,000",***,"43,729,881",195862
2009100000,2009年度,46000,鹿児島県,***,"1,712,000",***,"5,368,977",319178
2009100000,2009年度,47000,沖縄県,***,"1,385,000",***,"13,870,755",313535
2008100000,2008年度,1000,北海道,***,"5,548,000",***,"319,008,017",1072972
2008100000,2008年度,2000,青森県,***,"1,395,000",***,"44,647,709",263016
2008100000,2008年度,3000,岩手県,***,"1,352,000",***,"67,586,208",223951
2008100000,2008年度,4000,宮城県,***,"2,349,000",***,"63,781,421",588471
2008100000,2008年度,5000,秋田県,***,"1,109,000",***,"83,369,253",210298
2008100000,2008年度,6000,山形県,***,"1,188,000",***,"64,468,672",228240
2008100000,2008年度,7000,福島県,***,"2,054,000",***,"81,179,051",345687
2008100000,2008年度,8000,茨城県,***,"2,971,000",***,"120,424,870",606268
2008100000,2008年度,9000,栃木県,***,"2,015,000",***,"87,284,273",466710
2008100000,2008年度,10000,群馬県,***,"2,017,000",***,"158,083,702",437781
2008100000,2008年度,11000,埼玉県,***,"7,136,000",***,"32,265,437",1647867
2008100000,2008年度,12000,千葉県,***,"6,153,000",***,"143,241,740",1394079
2008100000,2008年度,13000,東京都,***,"12,973,000",***,"290,900,427",20004756
2008100000,2008年度,14000,神奈川県,***,"8,965,000",***,"15,285,466",2180239
2008100000,2008年度,15000,新潟県,***,"2,396,000",***,"108,211,511",502844
2008100000,2008年度,16000,富山県,***,"1,103,000",***,"49,988,274",327415
2008100000,2008年度,17000,石川県,***,"1,172,000",***,"37,463,053",306277
2008100000,2008年度,18000,福井県,***,"814,000",***,"35,193,287",215776
2008100000,2008年度,19000,山梨県,***,"871,000",***,"34,360,748",134028
2008100000,2008年度,20000,長野県,***,"2,173,000",***,"63,507,867",399081
2008100000,2008年度,21000,岐阜県,***,"2,100,000",***,"50,873,592",441336
2008100000,2008年度,22000,静岡県,***,"3,793,000",***,"12,551,574",1002672
2008100000,2008年度,23000,愛知県,***,"7,399,000",***,"228,443,658",1899761
2008100000,2008年度,24000,三重県,***,"1,871,000",***,"16,426,840",401400
2008100000,2008年度,25000,滋賀県,***,"1,405,000",***,"30,244,218",332219
2008100000,2008年度,26000,京都府,***,"2,640,000",***,"88,662,149",709255
2008100000,2008年度,27000,大阪府,***,"8,847,000",***,"484,171,836",4625497
2008100000,2008年度,28000,兵庫県,***,"5,592,000",***,"354,231,218",1181593
2008100000,2008年度,29000,奈良県,***,"1,407,000",***,"4,420,892",296990
2008100000,2008年度,30000,和歌山県,***,"1,014,000",***,"49,449,868",181211
2008100000,2008年度,31000,鳥取県,***,"596,000",***,"17,966,112",135308
2008100000,2008年度,32000,島根県,***,"727,000",***,"50,784,487",115553
2008100000,2008年度,33000,岡山県,***,"1,953,000",***,"78,334,168",477219
2008100000,2008年度,34000,広島県,***,"2,870,000",***,"26,607,904",891763
2008100000,2008年度,35000,山口県,***,"1,466,000",***,"74,480,097",311128
2008100000,2008年度,36000,徳島県,***,"795,000",***,"56,709,916",225668
2008100000,2008年度,37000,香川県,***,"1,003,000",***,"42,061,215",295212
2008100000,2008年度,38000,愛媛県,***,"1,445,000",***,"64,277,290",555161
2008100000,2008年度,39000,高知県,***,"775,000",***,"16,105,268",182060
2008100000,2008年度,40000,福岡県,***,"5,062,000",***,"70,712,578",1629746
2008100000,2008年度,41000,佐賀県,***,"856,000",***,"27,065,262",133426
2008100000,2008年度,42000,長崎県,***,"1,443,000",***,"69,348,783",286703
2008100000,2008年度,43000,熊本県,***,"1,826,000",***,"27,830,100",347655
2008100000,2008年度,44000,大分県,***,"1,204,000",***,"41,143,612",249139
2008100000,2008年度,45000,宮崎県,***,"1,141,000",***,"46,836,267",193967
2008100000,2008年度,46000,鹿児島県,***,"1,721,000",***,"8,086,268",313720
2008100000,2008年度,47000,沖縄県,***,"1,378,000",***,"13,806,630",303018
2007100000,2007年度,1000,北海道,***,"5,579,000",***,"306,516,853",1051947
2007100000,2007年度,2000,青森県,***,"1,409,000",***,"51,162,952",261295
2007100000,2007年度,3000,岩手県,***,"1,364,000",***,"64,439,636",215783
2007100000,2007年度,4000,宮城県,***,"2,354,000",***,"58,325,292",569769
2007100000,2007年度,5000,秋田県,***,"1,121,000",***,"69,121,545",211705
2007100000,2007年度,6000,山形県,***,"1,198,000",***,"69,046,334",226585
2007100000,2007年度,7000,福島県,***,"2,067,000",***,"60,366,872",344513
2007100000,2007年度,8000,茨城県,***,"2,973,000",***,"109,997,202",592248
2007100000,2007年度,9000,栃木県,***,"2,016,000",***,"81,156,720",459994
2007100000,2007年度,10000,群馬県,***,"2,020,000",***,"147,446,653",436951
2007100000,2007年度,11000,埼玉県,***,"7,106,000",***,"35,705,306",1642768
2007100000,2007年度,12000,千葉県,***,"6,119,000",***,"92,210,463",1388851
2007100000,2007年度,13000,東京都,***,"12,848,000",***,"257,790,330",18671425
2007100000,2007年度,14000,神奈川県,***,"8,912,000",***,"15,335,208",2193030
2007100000,2007年度,15000,新潟県,***,"2,408,000",***,"271,490,825",492795
2007100000,2007年度,16000,富山県,***,"1,107,000",***,"39,641,559",323453
2007100000,2007年度,17000,石川県,***,"1,173,000",***,"100,659,305",305091
2007100000,2007年度,18000,福井県,***,"817,000",***,"31,531,200",208572
2007100000,2007年度,19000,山梨県,***,"877,000",***,"29,267,149",131282
2007100000,2007年度,20000,長野県,***,"2,182,000",***,"67,622,964",411114
2007100000,2007年度,21000,岐阜県,***,"2,104,000",***,"50,518,394",439409
2007100000,2007年度,22000,静岡県,***,"3,796,000",***,"16,383,751",968895
2007100000,2007年度,23000,愛知県,***,"7,357,000",***,"232,853,630",1929434
2007100000,2007年度,24000,三重県,***,"1,873,000",***,"16,073,978",403249
2007100000,2007年度,25000,滋賀県,***,"1,398,000",***,"26,388,286",321339
2007100000,2007年度,26000,京都府,***,"2,643,000",***,"74,047,997",694604
2007100000,2007年度,27000,大阪府,***,"8,839,000",***,"527,290,740",4697300
2007100000,2007年度,28000,兵庫県,***,"5,593,000",***,"322,686,366",1202770
2007100000,2007年度,29000,奈良県,***,"1,413,000",***,"4,476,380",305767
2007100000,2007年度,30000,和歌山県,***,"1,021,000",***,"48,433,746",181924
2007100000,2007年度,31000,鳥取県,***,"601,000",***,"25,985,955",137197
2007100000,2007年度,32000,島根県,***,"733,000",***,"58,211,503",115345
2007100000,2007年度,33000,岡山県,***,"1,956,000",***,"87,948,229",474116
2007100000,2007年度,34000,広島県,***,"2,874,000",***,"24,986,854",874525
2007100000,2007年度,35000,山口県,***,"1,476,000",***,"78,977,469",298788
2007100000,2007年度,36000,徳島県,***,"800,000",***,"52,565,934",226701
2007100000,2007年度,37000,香川県,***,"1,006,000",***,"49,848,548",299049
2007100000,2007年度,38000,愛媛県,***,"1,453,000",***,"54,958,658",534557
2007100000,2007年度,39000,高知県,***,"783,000",***,"24,894,303",183033
2007100000,2007年度,40000,福岡県,***,"5,061,000",***,"73,052,188",1589200
2007100000,2007年度,41000,佐賀県,***,"860,000",***,"13,453,771",134098
2007100000,2007年度,42000,長崎県,***,"1,455,000",***,"33,207,704",293503
2007100000,2007年度,43000,熊本県,***,"1,832,000",***,"26,150,101",334396
2007100000,2007年度,44000,大分県,***,"1,206,000",***,"37,555,065",250273
2007100000,2007年度,45000,宮崎県,***,"1,146,000",***,"41,794,627",188297
2007100000,2007年度,46000,鹿児島県,***,"1,733,000",***,"18,029,417",303842
2007100000,2007年度,47000,沖縄県,***,"1,374,000",***,"16,924,639",292440
2006100000,2006年度,1000,北海道,***,"5,605,000",***,"258,729,144",1055103
2006100000,2006年度,2000,青森県,***,"1,424,000",***,"58,566,181",264431
2006100000,2006年度,3000,岩手県,***,"1,375,000",***,"62,829,308",218816
2006100000,2006年度,4000,宮城県,***,"2,358,000",***,"50,583,060",562407
2006100000,2006年度,5000,秋田県,***,"1,134,000",***,"74,896,022",213489
2006100000,2006年度,6000,山形県,***,"1,207,000",***,"67,484,713",234585
2006100000,2006年度,7000,福島県,***,"2,080,000",***,"58,864,814",349875
2006100000,2006年度,8000,茨城県,***,"2,974,000",***,"132,384,912",581479
2006100000,2006年度,9000,栃木県,***,"2,016,000",***,"91,811,555",455819
2006100000,2006年度,10000,群馬県,***,"2,022,000",***,"140,018,413",429228
2006100000,2006年度,11000,埼玉県,***,"7,079,000",***,"36,091,589",1597359
2006100000,2006年度,12000,千葉県,***,"6,084,000",***,"90,096,760",1366881
2006100000,2006年度,13000,東京都,***,"12,704,000",***,"240,867,524",18420926
2006100000,2006年度,14000,神奈川県,***,"8,846,000",***,"11,922,061",2182363
2006100000,2006年度,15000,新潟県,***,"2,420,000",***,"111,459,096",484392
2006100000,2006年度,16000,富山県,***,"1,110,000",***,"40,954,657",320526
2006100000,2006年度,17000,石川県,***,"1,173,000",***,"22,432,191",304760
2006100000,2006年度,18000,福井県,***,"820,000",***,"25,226,390",209092
2006100000,2006年度,19000,山梨県,***,"880,000",***,"23,969,375",131051
2006100000,2006年度,20000,長野県,***,"2,189,000",***,"64,287,081",415800
2006100000,2006年度,21000,岐阜県,***,"2,105,000",***,"55,087,130",437022
2006100000,2006年度,22000,静岡県,***,"3,795,000",***,"10,349,181",936858
2006100000,2006年度,23000,愛知県,***,"7,307,000",***,"225,435,227",1944526
2006100000,2006年度,24000,三重県,***,"1,872,000",***,"16,844,479",399613
2006100000,2006年度,25000,滋賀県,***,"1,390,000",***,"28,971,081",312708
2006100000,2006年度,26000,京都府,***,"2,646,000",***,"64,779,862",700898
2006100000,2006年度,27000,大阪府,***,"8,828,000",***,"550,618,384",4774422
2006100000,2006年度,28000,兵庫県,***,"5,592,000",***,"296,297,049",1208659
2006100000,2006年度,29000,奈良県,***,"1,417,000",***,"3,686,257",313674
2006100000,2006年度,30000,和歌山県,***,"1,029,000",***,"42,489,319",182300
2006100000,2006年度,31000,鳥取県,***,"604,000",***,"37,188,133",139495
2006100000,2006年度,32000,島根県,***,"737,000",***,"59,709,778",118753
2006100000,2006年度,33000,岡山県,***,"1,956,000",***,"83,009,417",470161
2006100000,2006年度,34000,広島県,***,"2,875,000",***,"25,400,873",833318
2006100000,2006年度,35000,山口県,***,"1,484,000",***,"73,210,321",289620
2006100000,2006年度,36000,徳島県,***,"806,000",***,"51,040,262",230909
2006100000,2006年度,37000,香川県,***,"1,009,000",***,"42,646,708",296115
2006100000,2006年度,38000,愛媛県,***,"1,460,000",***,"53,373,105",509162
2006100000,2006年度,39000,高知県,***,"790,000",***,"18,095,592",185045
2006100000,2006年度,40000,福岡県,***,"5,057,000",***,"78,465,558",1572159
2006100000,2006年度,41000,佐賀県,***,"863,000",***,"13,208,315",132061
2006100000,2006年度,42000,長崎県,***,"1,467,000",***,"29,966,135",301027
2006100000,2006年度,43000,熊本県,***,"1,838,000",***,"24,845,239",327261
2006100000,2006年度,44000,大分県,***,"1,207,000",***,"34,709,301",249449
2006100000,2006年度,45000,宮崎県,***,"1,150,000",***,"44,273,501",177558
2006100000,2006年度,46000,鹿児島県,***,"1,744,000",***,"17,242,226",293045
2006100000,2006年度,47000,沖縄県,***,"1,369,000",***,"14,532,876",280503
2005100000,2005年度,1000,北海道,***,"5,627,737",***,"244,856,963",1023885
2005100000,2005年度,2000,青森県,***,"1,436,657",***,"68,231,210",270622
2005100000,2005年度,3000,岩手県,***,"1,385,041",***,"61,864,906",216259
2005100000,2005年度,4000,宮城県,***,"2,360,218",***,"54,225,964",549441
2005100000,2005年度,5000,秋田県,***,"1,145,501",***,"77,268,472",209020
2005100000,2005年度,6000,山形県,***,"1,216,181",***,"68,531,548",233537
2005100000,2005年度,7000,福島県,***,"2,091,319",***,"60,800,575",348345
2005100000,2005年度,8000,茨城県,***,"2,975,167",***,"67,617,198",574984
2005100000,2005年度,9000,栃木県,***,"2,016,631",***,"106,128,575",455237
2005100000,2005年度,10000,群馬県,***,"2,024,135",***,"121,257,123",424380
2005100000,2005年度,11000,埼玉県,***,"7,054,243",***,"36,426,743",1540741
2005100000,2005年度,12000,千葉県,***,"6,056,462",***,"90,068,441",1341532
2005100000,2005年度,13000,東京都,***,"12,576,601",***,"221,160,604",17740706
2005100000,2005年度,14000,神奈川県,***,"8,791,597",***,"15,698,203",2160602
2005100000,2005年度,15000,新潟県,***,"2,431,459",***,"114,711,151",483218
2005100000,2005年度,16000,富山県,***,"1,111,729",***,"35,641,158",315422
2005100000,2005年度,17000,石川県,***,"1,174,026",***,"21,067,095",304241
2005100000,2005年度,18000,福井県,***,"821,592",***,"26,968,279",196931
2005100000,2005年度,19000,山梨県,***,"884,515",***,"16,289,744",128814
2005100000,2005年度,20000,長野県,***,"2,196,114",***,"70,290,657",420101
2005100000,2005年度,21000,岐阜県,***,"2,107,226",***,"54,378,689",426846
2005100000,2005年度,22000,静岡県,***,"3,792,377",***,"7,489,278",901876
2005100000,2005年度,23000,愛知県,***,"7,254,704",***,"218,861,474",1933066
2005100000,2005年度,24000,三重県,***,"1,866,963",***,"21,335,144",393704
2005100000,2005年度,25000,滋賀県,***,"1,380,361",***,"32,152,998",297132
2005100000,2005年度,26000,京都府,***,"2,647,660",***,"63,621,586",699040
2005100000,2005年度,27000,大阪府,***,"8,817,166",***,"426,012,523",4848014
2005100000,2005年度,28000,兵庫県,***,"5,590,601",***,"287,272,251",1224475
2005100000,2005年度,29000,奈良県,***,"1,421,310",***,"5,567,860",316330
2005100000,2005年度,30000,和歌山県,***,"1,035,969",***,"39,327,260",187743
2005100000,2005年度,31000,鳥取県,***,"607,012",***,"39,028,146",140633
2005100000,2005年度,32000,島根県,***,"742,223",***,"56,566,786",119883
2005100000,2005年度,33000,岡山県,***,"1,957,264",***,"86,283,709",465470
2005100000,2005年度,34000,広島県,***,"2,876,642",***,"29,086,459",813352
2005100000,2005年度,35000,山口県,***,"1,492,606",***,"72,359,386",283453
2005100000,2005年度,36000,徳島県,***,"809,950",***,"48,320,687",230827
2005100000,2005年度,37000,香川県,***,"1,012,400",***,"44,757,787",284629
2005100000,2005年度,38000,愛媛県,***,"1,467,815",***,"61,667,299",483903
2005100000,2005年度,39000,高知県,***,"796,292",***,"20,735,831",184294
2005100000,2005年度,40000,福岡県,***,"5,049,908",***,"82,694,774",1567678
2005100000,2005年度,41000,佐賀県,***,"866,369",***,"16,450,152",134110
2005100000,2005年度,42000,長崎県,***,"1,478,632",***,"31,050,058",317421
2005100000,2005年度,43000,熊本県,***,"1,842,233",***,"27,535,684",323010
2005100000,2005年度,44000,大分県,***,"1,209,571",***,"33,754,870",249923
2005100000,2005年度,45000,宮崎県,***,"1,153,042",***,"47,126,234",171584
2005100000,2005年度,46000,鹿児島県,***,"1,753,179",***,"7,342,232",282100
2005100000,2005年度,47000,沖縄県,***,"1,361,594",***,"13,262,462",283933
2004100000,2004年度,1000,北海道,***,"5,650,000",***,"256,837,161",1005837
2004100000,2004年度,2000,青森県,***,"1,448,000",***,"71,014,668",276910
2004100000,2004年度,3000,岩手県,***,"1,395,000",***,"66,227,873",213311
2004100000,2004年度,4000,宮城県,***,"2,366,000",***,"51,039,666",541483
2004100000,2004年度,5000,秋田県,***,"1,156,000",***,"77,453,972",211996
2004100000,2004年度,6000,山形県,***,"1,224,000",***,"63,586,226",230304
2004100000,2004年度,7000,福島県,***,"2,102,000",***,"61,491,297",342205
2004100000,2004年度,8000,茨城県,***,"2,982,000",***,"81,482,678",567292
2004100000,2004年度,9000,栃木県,***,"2,016,000",***,"117,494,011",472885
2004100000,2004年度,10000,群馬県,***,"2,027,000",***,"108,688,229",427977
2004100000,2004年度,11000,埼玉県,***,"7,046,000",***,"42,062,465",1464758
2004100000,2004年度,12000,千葉県,***,"6,047,000",***,"129,814,861",1319471
2004100000,2004年度,13000,東京都,***,"12,482,000",***,"233,562,957",18140989
2004100000,2004年度,14000,神奈川県,***,"8,753,000",***,"8,478,367",2140078
2004100000,2004年度,15000,新潟県,***,"2,445,000",***,"415,025,259",481098
2004100000,2004年度,16000,富山県,***,"1,115,000",***,"39,522,954",332493
2004100000,2004年度,17000,石川県,***,"1,178,000",***,"22,172,985",308445
2004100000,2004年度,18000,福井県,***,"824,000",***,"30,920,915",193166
2004100000,2004年度,19000,山梨県,***,"886,000",***,"18,229,087",128699
2004100000,2004年度,20000,長野県,***,"2,206,000",***,"71,643,255",423251
2004100000,2004年度,21000,岐阜県,***,"2,108,000",***,"51,849,887",420078
2004100000,2004年度,22000,静岡県,***,"3,791,000",***,"9,135,066",874719
2004100000,2004年度,23000,愛知県,***,"7,209,000",***,"225,206,132",1912757
2004100000,2004年度,24000,三重県,***,"1,867,000",***,"24,796,301",387363
2004100000,2004年度,25000,滋賀県,***,"1,375,000",***,"38,003,584",292741
2004100000,2004年度,26000,京都府,***,"2,650,000",***,"66,016,822",702618
2004100000,2004年度,27000,大阪府,***,"8,825,000",***,"386,545,847",4970874
2004100000,2004年度,28000,兵庫県,***,"5,592,000",***,"338,650,260",1218571
2004100000,2004年度,29000,奈良県,***,"1,428,000",***,"6,716,274",313705
2004100000,2004年度,30000,和歌山県,***,"1,045,000",***,"39,307,959",189955
2004100000,2004年度,31000,鳥取県,***,"610,000",***,"40,843,999",140604
2004100000,2004年度,32000,島根県,***,"747,000",***,"61,169,031",117444
2004100000,2004年度,33000,岡山県,***,"1,959,000",***,"95,914,324",460895
2004100000,2004年度,34000,広島県,***,"2,879,000",***,"35,706,033",815943
2004100000,2004年度,35000,山口県,***,"1,502,000",***,"79,986,278",284118
2004100000,2004年度,36000,徳島県,***,"814,000",***,"49,390,284",234575
2004100000,2004年度,37000,香川県,***,"1,016,000",***,"45,490,030",285756
2004100000,2004年度,38000,愛媛県,***,"1,475,000",***,"62,033,164",469742
2004100000,2004年度,39000,高知県,***,"802,000",***,"23,718,128",185513
2004100000,2004年度,40000,福岡県,***,"5,050,000",***,"91,026,510",1577812
2004100000,2004年度,41000,佐賀県,***,"870,000",***,"15,621,217",134225
2004100000,2004年度,42000,長崎県,***,"1,490,000",***,"38,790,198",331093
2004100000,2004年度,43000,熊本県,***,"1,848,000",***,"31,622,996",319979
2004100000,2004年度,44000,大分県,***,"1,214,000",***,"33,975,228",248312
2004100000,2004年度,45000,宮崎県,***,"1,159,000",***,"45,817,667",171756
2004100000,2004年度,46000,鹿児島県,***,"1,763,000",***,"7,345,485",271953
2004100000,2004年度,47000,沖縄県,***,"1,353,000",***,"14,893,686",285549
2003100000,2003年度,1000,北海道,***,"5,663,000",***,"286,949,795",1013937
2003100000,2003年度,2000,青森県,***,"1,459,000",***,"81,066,501",293028
2003100000,2003年度,3000,岩手県,***,"1,401,000",***,"72,317,729",213663
2003100000,2003年度,4000,宮城県,***,"2,369,000",***,"47,641,428",545318
2003100000,2003年度,5000,秋田県,***,"1,165,000",***,"71,155,729",218843
2003100000,2003年度,6000,山形県,***,"1,230,000",***,"55,165,146",232261
2003100000,2003年度,7000,福島県,***,"2,110,000",***,"72,514,893",346244
2003100000,2003年度,8000,茨城県,***,"2,985,000",***,"96,934,749",563988
2003100000,2003年度,9000,栃木県,***,"2,014,000",***,"98,749,037",497821
2003100000,2003年度,10000,群馬県,***,"2,030,000",***,"96,280,488",437416
2003100000,2003年度,11000,埼玉県,***,"7,028,000",***,"42,906,105",1397864
2003100000,2003年度,12000,千葉県,***,"6,030,000",***,"125,394,778",1320998
2003100000,2003年度,13000,東京都,***,"12,388,000",***,"274,788,893",19125650
2003100000,2003年度,14000,神奈川県,***,"8,702,000",***,"9,203,771",2138856
2003100000,2003年度,15000,新潟県,***,"2,455,000",***,"110,607,447",482890
2003100000,2003年度,16000,富山県,***,"1,116,000",***,"37,103,133",329816
2003100000,2003年度,17000,石川県,***,"1,179,000",***,"24,703,453",313152
2003100000,2003年度,18000,福井県,***,"827,000",***,"30,356,251",192618
2003100000,2003年度,19000,山梨県,***,"888,000",***,"24,867,282",135797
2003100000,2003年度,20000,長野県,***,"2,210,000",***,"78,189,025",427875
2003100000,2003年度,21000,岐阜県,***,"2,110,000",***,"49,033,630",423746
2003100000,2003年度,22000,静岡県,***,"3,790,000",***,"11,940,276",862083
2003100000,2003年度,23000,愛知県,***,"7,170,000",***,"236,414,731",1950384
2003100000,2003年度,24000,三重県,***,"1,864,000",***,"37,992,854",389194
2003100000,2003年度,25000,滋賀県,***,"1,368,000",***,"34,077,640",286369
2003100000,2003年度,26000,京都府,***,"2,650,000",***,"61,090,513",719041
2003100000,2003年度,27000,大阪府,***,"8,824,000",***,"348,660,386",5222992
2003100000,2003年度,28000,兵庫県,***,"5,589,000",***,"321,211,412",1248582
2003100000,2003年度,29000,奈良県,***,"1,434,000",***,"6,689,513",308326
2003100000,2003年度,30000,和歌山県,***,"1,052,000",***,"45,629,493",192360
2003100000,2003年度,31000,鳥取県,***,"611,000",***,"44,170,265",143419
2003100000,2003年度,32000,島根県,***,"752,000",***,"58,210,474",116168
2003100000,2003年度,33000,岡山県,***,"1,958,000",***,"25,414,610",460965
2003100000,2003年度,34000,広島県,***,"2,879,000",***,"37,783,722",823410
2003100000,2003年度,35000,山口県,***,"1,510,000",***,"82,923,130",285820
2003100000,2003年度,36000,徳島県,***,"818,000",***,"49,165,115",235528
2003100000,2003年度,37000,香川県,***,"1,018,000",***,"43,789,688",292968
2003100000,2003年度,38000,愛媛県,***,"1,481,000",***,"61,319,618",460095
2003100000,2003年度,39000,高知県,***,"806,000",***,"24,926,846",185795
2003100000,2003年度,40000,福岡県,***,"5,045,000",***,"96,984,874",1619284
2003100000,2003年度,41000,佐賀県,***,"872,000",***,"19,415,022",136869
2003100000,2003年度,42000,長崎県,***,"1,498,000",***,"38,717,557",341631
2003100000,2003年度,43000,熊本県,***,"1,852,000",***,"30,471,368",325255
2003100000,2003年度,44000,大分県,***,"1,217,000",***,"34,627,998",247154
2003100000,2003年度,45000,宮崎県,***,"1,162,000",***,"48,859,091",170206
2003100000,2003年度,46000,鹿児島県,***,"1,770,000",***,"10,739,846",274275
2003100000,2003年度,47000,沖縄県,***,"1,345,000",***,"19,474,712",279690
2002100000,2002年度,1000,北海道,***,"5,672,000",***,"313,443,482",1009969
2002100000,2002年度,2000,青森県,***,"1,467,000",***,"93,263,875",298859
2002100000,2002年度,3000,岩手県,***,"1,407,000",***,"73,787,600",218119
2002100000,2002年度,4000,宮城県,***,"2,369,000",***,"40,283,483",551774
2002100000,2002年度,5000,秋田県,***,"1,175,000",***,"74,532,981",224062
2002100000,2002年度,6000,山形県,***,"1,236,000",***,"51,171,387",241204
2002100000,2002年度,7000,福島県,***,"2,118,000",***,"78,249,621",357483
2002100000,2002年度,8000,茨城県,***,"2,987,000",***,"98,764,164",569173
2002100000,2002年度,9000,栃木県,***,"2,012,000",***,"69,637,695",502945
2002100000,2002年度,10000,群馬県,***,"2,030,000",***,"72,112,539",440446
2002100000,2002年度,11000,埼玉県,***,"7,000,000",***,"48,488,898",1405000
2002100000,2002年度,12000,千葉県,***,"5,998,000",***,"130,292,713",1329183
2002100000,2002年度,13000,東京都,***,"12,271,000",***,"295,050,413",20495887
2002100000,2002年度,14000,神奈川県,***,"8,636,000",***,"8,431,683",2160264
2002100000,2002年度,15000,新潟県,***,"2,462,000",***,"112,533,983",481788
2002100000,2002年度,16000,富山県,***,"1,118,000",***,"35,507,422",332106
2002100000,2002年度,17000,石川県,***,"1,180,000",***,"22,131,626",323212
2002100000,2002年度,18000,福井県,***,"828,000",***,"27,473,980",196022
2002100000,2002年度,19000,山梨県,***,"889,000",***,"21,357,180",144490
2002100000,2002年度,20000,長野県,***,"2,215,000",***,"82,880,530",436704
2002100000,2002年度,21000,岐阜県,***,"2,110,000",***,"48,002,968",441518
2002100000,2002年度,22000,静岡県,***,"3,784,000",***,"11,158,852",882174
2002100000,2002年度,23000,愛知県,***,"7,131,000",***,"235,060,856",2076536
2002100000,2002年度,24000,三重県,***,"1,863,000",***,"38,592,566",397363
2002100000,2002年度,25000,滋賀県,***,"1,361,000",***,"40,132,871",281082
2002100000,2002年度,26000,京都府,***,"2,648,000",***,"58,840,640",741541
2002100000,2002年度,27000,大阪府,***,"8,821,000",***,"388,902,157",5647039
2002100000,2002年度,28000,兵庫県,***,"5,580,000",***,"345,164,710",1283428
2002100000,2002年度,29000,奈良県,***,"1,437,000",***,"12,239,963",303389
2002100000,2002年度,30000,和歌山県,***,"1,059,000",***,"45,291,181",201840
2002100000,2002年度,31000,鳥取県,***,"612,000",***,"40,745,803",139082
2002100000,2002年度,32000,島根県,***,"756,000",***,"52,074,605",114453
2002100000,2002年度,33000,岡山県,***,"1,956,000",***,"27,418,451",469168
2002100000,2002年度,34000,広島県,***,"2,878,000",***,"40,701,099",847146
2002100000,2002年度,35000,山口県,***,"1,517,000",***,"83,804,989",290002
2002100000,2002年度,36000,徳島県,***,"820,000",***,"51,036,538",240527
2002100000,2002年度,37000,香川県,***,"1,020,000",***,"53,104,960",299429
2002100000,2002年度,38000,愛媛県,***,"1,485,000",***,"63,829,913",456320
2002100000,2002年度,39000,高知県,***,"810,000",***,"28,857,159",189542
2002100000,2002年度,40000,福岡県,***,"5,039,000",***,"101,889,125",1679756
2002100000,2002年度,41000,佐賀県,***,"874,000",***,"20,237,804",138523
2002100000,2002年度,42000,長崎県,***,"1,505,000",***,"38,468,307",348287
2002100000,2002年度,43000,熊本県,***,"1,857,000",***,"30,364,858",331165
2002100000,2002年度,44000,大分県,***,"1,219,000",***,"32,934,000",246429
2002100000,2002年度,45000,宮崎県,***,"1,165,000",***,"48,031,029",169494
2002100000,2002年度,46000,鹿児島県,***,"1,776,000",***,"11,619,804",276397
2002100000,2002年度,47000,沖縄県,***,"1,336,000",***,"25,269,347",270492
2001100000,2001年度,1000,北海道,***,"5,680,000",***,"466,899,185",1056704
2001100000,2001年度,2000,青森県,***,"1,473,000",***,"105,650,816",307483
2001100000,2001年度,3000,岩手県,***,"1,413,000",***,"87,622,552",220114
2001100000,2001年度,4000,宮城県,***,"2,369,000",***,"39,981,333",577526
2001100000,2001年度,5000,秋田県,***,"1,183,000",***,"73,409,977",220881
2001100000,2001年度,6000,山形県,***,"1,241,000",***,"62,400,774",248812
2001100000,2001年度,7000,福島県,***,"2,124,000",***,"79,697,900",385494
2001100000,2001年度,8000,茨城県,***,"2,990,000",***,"93,674,924",585815
2001100000,2001年度,9000,栃木県,***,"2,011,000",***,"72,661,580",514690
2001100000,2001年度,10000,群馬県,***,"2,029,000",***,"64,030,512",446838
2001100000,2001年度,11000,埼玉県,***,"6,977,000",***,"83,873,990",1487069
2001100000,2001年度,12000,千葉県,***,"5,970,000",***,"141,754,260",1367094
2001100000,2001年度,13000,東京都,***,"12,165,000",***,"319,968,214",21444997
2001100000,2001年度,14000,神奈川県,***,"8,575,000",***,"11,572,896",2247564
2001100000,2001年度,15000,新潟県,***,"2,471,000",***,"104,537,031",502469
2001100000,2001年度,16000,富山県,***,"1,120,000",***,"37,507,336",335629
2001100000,2001年度,17000,石川県,***,"1,182,000",***,"63,681,190",332464
2001100000,2001年度,18000,福井県,***,"830,000",***,"29,439,230",195129
2001100000,2001年度,19000,山梨県,***,"890,000",***,"21,144,763",147185
2001100000,2001年度,20000,長野県,***,"2,222,000",***,"85,604,030",451184
2001100000,2001年度,21000,岐阜県,***,"2,111,000",***,"49,985,376",463783
2001100000,2001年度,22000,静岡県,***,"3,780,000",***,"62,305,375",914498
2001100000,2001年度,23000,愛知県,***,"7,091,000",***,"257,590,933",2216844
2001100000,2001年度,24000,三重県,***,"1,862,000",***,"40,037,389",404990
2001100000,2001年度,25000,滋賀県,***,"1,354,000",***,"44,589,548",283547
2001100000,2001年度,26000,京都府,***,"2,649,000",***,"74,893,190",773299
2001100000,2001年度,27000,大阪府,***,"8,821,000",***,"267,907,773",6003901
2001100000,2001年度,28000,兵庫県,***,"5,572,000",***,"288,528,396",1339596
2001100000,2001年度,29000,奈良県,***,"1,442,000",***,"19,442,260",312720
2001100000,2001年度,30000,和歌山県,***,"1,065,000",***,"36,333,894",214196
2001100000,2001年度,31000,鳥取県,***,"613,000",***,"42,428,263",139779
2001100000,2001年度,32000,島根県,***,"760,000",***,"50,548,458",115237
2001100000,2001年度,33000,岡山県,***,"1,954,000",***,"54,099,058",468057
2001100000,2001年度,34000,広島県,***,"2,880,000",***,"44,958,332",894876
2001100000,2001年度,35000,山口県,***,"1,523,000",***,"89,414,424",294284
2001100000,2001年度,36000,徳島県,***,"822,000",***,"52,197,873",245603
2001100000,2001年度,37000,香川県,***,"1,022,000",***,"47,923,261",325233
2001100000,2001年度,38000,愛媛県,***,"1,490,000",***,"66,386,752",451285
2001100000,2001年度,39000,高知県,***,"812,000",***,"57,567,056",190114
2001100000,2001年度,40000,福岡県,***,"5,030,000",***,"106,709,348",1771369
2001100000,2001年度,41000,佐賀県,***,"876,000",***,"27,348,112",141095
2001100000,2001年度,42000,長崎県,***,"1,512,000",***,"54,918,893",355256
2001100000,2001年度,43000,熊本県,***,"1,860,000",***,"37,202,172",345289
2001100000,2001年度,44000,大分県,***,"1,220,000",***,"34,211,480",246860
2001100000,2001年度,45000,宮崎県,***,"1,168,000",***,"48,629,297",171907
2001100000,2001年度,46000,鹿児島県,***,"1,782,000",***,"29,474,366",280790
2001100000,2001年度,47000,沖縄県,***,"1,327,000",***,"24,926,562",266958
2000100000,2000年度,1000,北海道,***,"5,683,062",***,"488,550,642",1092999
2000100000,2000年度,2000,青森県,***,"1,475,728",***,"98,434,339",302426
2000100000,2000年度,3000,岩手県,***,"1,416,180",***,"90,766,426",221425
2000100000,2000年度,4000,宮城県,***,"2,365,320",***,"53,334,286",606065
2000100000,2000年度,5000,秋田県,***,"1,189,279",***,"74,081,370",221814
2000100000,2000年度,6000,山形県,***,"1,244,147",***,"67,153,698",243929
2000100000,2000年度,7000,福島県,***,"2,126,935",***,"77,875,486",380672
2000100000,2000年度,8000,茨城県,***,"2,985,676",***,"91,686,543",603726
2000100000,2000年度,9000,栃木県,***,"2,004,817",***,"69,510,071",523488
2000100000,2000年度,10000,群馬県,***,"2,024,852",***,"67,509,110",458011
2000100000,2000年度,11000,埼玉県,***,"6,938,006",***,"81,682,662",1513870
2000100000,2000年度,12000,千葉県,***,"5,926,285",***,"125,331,410",1402334
2000100000,2000年度,13000,東京都,***,"12,064,101",***,"319,202,573",22159895
2000100000,2000年度,14000,神奈川県,***,"8,489,974",***,"9,168,824",2303765
2000100000,2000年度,15000,新潟県,***,"2,475,733",***,"104,092,796",539569
2000100000,2000年度,16000,富山県,***,"1,120,851",***,"38,089,887",341753
2000100000,2000年度,17000,石川県,***,"1,180,977",***,"62,666,399",339882
2000100000,2000年度,18000,福井県,***,"828,944",***,"37,610,586",194801
2000100000,2000年度,19000,山梨県,***,"888,172",***,"18,673,355",149632
2000100000,2000年度,20000,長野県,***,"2,215,168",***,"85,893,872",455750
2000100000,2000年度,21000,岐阜県,***,"2,107,700",***,"47,560,838",473582
2000100000,2000年度,22000,静岡県,***,"3,767,393",***,"65,500,556",898609
2000100000,2000年度,23000,愛知県,***,"7,043,300",***,"249,063,754",2271600
2000100000,2000年度,24000,三重県,***,"1,857,339",***,"42,194,353",414936
2000100000,2000年度,25000,滋賀県,***,"1,342,832",***,"51,985,790",287131
2000100000,2000年度,26000,京都府,***,"2,644,391",***,"75,540,738",803905
2000100000,2000年度,27000,大阪府,***,"8,805,081",***,"229,475,971",6358659
2000100000,2000年度,28000,兵庫県,***,"5,550,574",***,"264,548,184",1381554
2000100000,2000年度,29000,奈良県,***,"1,442,795",***,"22,529,393",319280
2000100000,2000年度,30000,和歌山県,***,"1,069,912",***,"37,587,591",222314
2000100000,2000年度,31000,鳥取県,***,"613,289",***,"41,906,198",139744
2000100000,2000年度,32000,島根県,***,"761,503",***,"56,888,091",119594
2000100000,2000年度,33000,岡山県,***,"1,950,828",***,"51,030,652",469320
2000100000,2000年度,34000,広島県,***,"2,878,915",***,"53,307,570",935884
2000100000,2000年度,35000,山口県,***,"1,527,964",***,"90,121,674",304075
2000100000,2000年度,36000,徳島県,***,"824,108",***,"50,399,309",251926
2000100000,2000年度,37000,香川県,***,"1,022,890",***,"48,797,121",339992
2000100000,2000年度,38000,愛媛県,***,"1,493,092",***,"61,269,675",445478
2000100000,2000年度,39000,高知県,***,"813,949",***,"60,382,698",188311
2000100000,2000年度,40000,福岡県,***,"5,015,699",***,"109,454,586",1824256
2000100000,2000年度,41000,佐賀県,***,"876,654",***,"32,318,424",144512
2000100000,2000年度,42000,長崎県,***,"1,516,523",***,"77,251,336",364896
2000100000,2000年度,43000,熊本県,***,"1,859,344",***,"45,678,659",353854
2000100000,2000年度,44000,大分県,***,"1,221,140",***,"36,630,240",247996
2000100000,2000年度,45000,宮崎県,***,"1,170,007",***,"47,111,360",176203
2000100000,2000年度,46000,鹿児島県,***,"1,786,194",***,"31,946,888",286133
2000100000,2000年度,47000,沖縄県,***,"1,318,220",***,"18,203,081",261694
1999100000,1999年度,1000,北海道,***,"5,689,000",***,"557,557,872",1121826
1999100000,1999年度,2000,青森県,***,"1,477,000",***,"96,388,529",297238
1999100000,1999年度,3000,岩手県,***,"1,417,000",***,"92,101,683",224699
1999100000,1999年度,4000,宮城県,***,"2,360,000",***,"49,940,976",623382
1999100000,1999年度,5000,秋田県,***,"1,195,000",***,"82,407,128",230494
1999100000,1999年度,6000,山形県,***,"1,247,000",***,"64,277,859",238074
1999100000,1999年度,7000,福島県,***,"2,129,000",***,"78,000,646",382881
1999100000,1999年度,8000,茨城県,***,"2,981,000",***,"96,876,630",621690
1999100000,1999年度,9000,栃木県,***,"2,003,000",***,"70,997,421",532539
1999100000,1999年度,10000,群馬県,***,"2,020,000",***,"66,304,858",473645
1999100000,1999年度,11000,埼玉県,***,"6,906,000",***,"88,380,678",1506644
1999100000,1999年度,12000,千葉県,***,"5,893,000",***,"133,365,246",1432248
1999100000,1999年度,13000,東京都,***,"11,983,000",***,"438,892,103",22864367
1999100000,1999年度,14000,神奈川県,***,"8,432,000",***,"10,538,519",2334447
1999100000,1999年度,15000,新潟県,***,"2,482,000",***,"102,587,538",569806
1999100000,1999年度,16000,富山県,***,"1,122,000",***,"39,506,767",343641
1999100000,1999年度,17000,石川県,***,"1,180,000",***,"68,035,354",350551
1999100000,1999年度,18000,福井県,***,"828,000",***,"44,185,649",193849
1999100000,1999年度,19000,山梨県,***,"887,000",***,"21,622,106",155384
1999100000,1999年度,20000,長野県,***,"2,210,000",***,"90,748,594",463066
1999100000,1999年度,21000,岐阜県,***,"2,107,000",***,"50,647,386",473927
1999100000,1999年度,22000,静岡県,***,"3,761,000",***,"80,009,676",886203
1999100000,1999年度,23000,愛知県,***,"7,006,000",***,"233,111,068",2276982
1999100000,1999年度,24000,三重県,***,"1,856,000",***,"49,673,876",423192
1999100000,1999年度,25000,滋賀県,***,"1,332,000",***,"61,587,668",291269
1999100000,1999年度,26000,京都府,***,"2,645,000",***,"88,116,420",827881
1999100000,1999年度,27000,大阪府,***,"8,813,000",***,"213,763,606",6485242
1999100000,1999年度,28000,兵庫県,***,"5,528,000",***,"339,463,128",1430329
1999100000,1999年度,29000,奈良県,***,"1,444,000",***,"25,927,884",327167
1999100000,1999年度,30000,和歌山県,***,"1,074,000",***,"37,363,212",227099
1999100000,1999年度,31000,鳥取県,***,"614,000",***,"37,738,520",140580
1999100000,1999年度,32000,島根県,***,"763,000",***,"52,327,791",121659
1999100000,1999年度,33000,岡山県,***,"1,953,000",***,"55,360,238",473723
1999100000,1999年度,34000,広島県,***,"2,881,000",***,"63,699,256",967840
1999100000,1999年度,35000,山口県,***,"1,535,000",***,"95,646,792",311771
1999100000,1999年度,36000,徳島県,***,"827,000",***,"49,623,181",250329
1999100000,1999年度,37000,香川県,***,"1,025,000",***,"50,626,134",350984
1999100000,1999年度,38000,愛媛県,***,"1,496,000",***,"57,937,403",441777
1999100000,1999年度,39000,高知県,***,"815,000",***,"80,829,842",186482
1999100000,1999年度,40000,福岡県,***,"5,002,000",***,"121,207,807",1867861
1999100000,1999年度,41000,佐賀県,***,"879,000",***,"36,755,920",148379
1999100000,1999年度,42000,長崎県,***,"1,520,000",***,"72,010,105",369194
1999100000,1999年度,43000,熊本県,***,"1,861,000",***,"41,450,670",355330
1999100000,1999年度,44000,大分県,***,"1,224,000",***,"40,575,396",250021
1999100000,1999年度,45000,宮崎県,***,"1,172,000",***,"47,665,649",178272
1999100000,1999年度,46000,鹿児島県,***,"1,788,000",***,"35,065,816",286284
1999100000,1999年度,47000,沖縄県,***,"1,308,000",***,"21,297,255",255556
1998100000,1998年度,1000,北海道,***,"5,695,000",***,"576,594,893",1263067
1998100000,1998年度,2000,青森県,***,"1,479,000",***,"90,025,415",292416
1998100000,1998年度,3000,岩手県,***,"1,419,000",***,"93,354,229",224382
1998100000,1998年度,4000,宮城県,***,"2,355,000",***,"56,136,159",657230
1998100000,1998年度,5000,秋田県,***,"1,200,000",***,"80,905,532",227316
1998100000,1998年度,6000,山形県,***,"1,251,000",***,"61,337,826",238950
1998100000,1998年度,7000,福島県,***,"2,132,000",***,"77,748,068",395160
1998100000,1998年度,8000,茨城県,***,"2,980,000",***,"91,839,845",626389
1998100000,1998年度,9000,栃木県,***,"2,001,000",***,"75,478,481",544317
1998100000,1998年度,10000,群馬県,***,"2,017,000",***,"67,887,790",485226
1998100000,1998年度,11000,埼玉県,***,"6,877,000",***,"237,738,653",1501026
1998100000,1998年度,12000,千葉県,***,"5,867,000",***,"130,784,802",1461530
1998100000,1998年度,13000,東京都,***,"11,939,000",***,"378,051,586",23921083
1998100000,1998年度,14000,神奈川県,***,"8,383,000",***,"15,899,996",2374186
1998100000,1998年度,15000,新潟県,***,"2,488,000",***,"92,785,395",591311
1998100000,1998年度,16000,富山県,***,"1,124,000",***,"39,791,961",345412
1998100000,1998年度,17000,石川県,***,"1,181,000",***,"67,383,868",358888
1998100000,1998年度,18000,福井県,***,"828,000",***,"37,628,768",203811
1998100000,1998年度,19000,山梨県,***,"888,000",***,"31,290,874",161841
1998100000,1998年度,20000,長野県,***,"2,210,000",***,"98,034,319",470379
1998100000,1998年度,21000,岐阜県,***,"2,108,000",***,"54,200,884",478319
1998100000,1998年度,22000,静岡県,***,"3,758,000",***,"90,326,275",880672
1998100000,1998年度,23000,愛知県,***,"6,973,000",***,"267,944,028",2334674
1998100000,1998年度,24000,三重県,***,"1,855,000",***,"55,762,224",432725
1998100000,1998年度,25000,滋賀県,***,"1,323,000",***,"59,170,465",294984
1998100000,1998年度,26000,京都府,***,"2,643,000",***,"90,976,935",864161
1998100000,1998年度,27000,大阪府,***,"8,813,000",***,"179,209,982",6678055
1998100000,1998年度,28000,兵庫県,***,"5,494,000",***,"288,893,099",1501541
1998100000,1998年度,29000,奈良県,***,"1,443,000",***,"33,804,143",328665
1998100000,1998年度,30000,和歌山県,***,"1,076,000",***,"40,313,785",230946
1998100000,1998年度,31000,鳥取県,***,"615,000",***,"49,317,523",140013
1998100000,1998年度,32000,島根県,***,"765,000",***,"59,443,818",124013
1998100000,1998年度,33000,岡山県,***,"1,953,000",***,"57,690,129",476134
1998100000,1998年度,34000,広島県,***,"2,882,000",***,"72,543,914",981860
1998100000,1998年度,35000,山口県,***,"1,540,000",***,"99,272,918",314267
1998100000,1998年度,36000,徳島県,***,"829,000",***,"54,605,863",249842
1998100000,1998年度,37000,香川県,***,"1,025,000",***,"56,445,772",363882
1998100000,1998年度,38000,愛媛県,***,"1,501,000",***,"59,156,877",439570
1998100000,1998年度,39000,高知県,***,"816,000",***,"86,456,553",186555
1998100000,1998年度,40000,福岡県,***,"4,990,000",***,"126,760,943",1904161
1998100000,1998年度,41000,佐賀県,***,"881,000",***,"37,661,607",150811
1998100000,1998年度,42000,長崎県,***,"1,526,000",***,"76,018,620",374344
1998100000,1998年度,43000,熊本県,***,"1,862,000",***,"40,555,416",359288
1998100000,1998年度,44000,大分県,***,"1,226,000",***,"37,594,558",246992
1998100000,1998年度,45000,宮崎県,***,"1,173,000",***,"41,095,838",179849
1998100000,1998年度,46000,鹿児島県,***,"1,790,000",***,"38,565,621",284060
1998100000,1998年度,47000,沖縄県,***,"1,298,000",***,"17,527,766",253585
1997100000,1997年度,1000,北海道,***,"5,699,000",***,"404,022,940",***
1997100000,1997年度,2000,青森県,***,"1,481,000",***,"80,269,559",***
1997100000,1997年度,3000,岩手県,***,"1,419,000",***,"73,648,176",***
1997100000,1997年度,4000,宮城県,***,"2,348,000",***,"47,779,186",***
1997100000,1997年度,5000,秋田県,***,"1,205,000",***,"71,168,222",***
1997100000,1997年度,6000,山形県,***,"1,253,000",***,"60,267,591",***
1997100000,1997年度,7000,福島県,***,"2,134,000",***,"67,100,127",***
1997100000,1997年度,8000,茨城県,***,"2,973,000",***,"94,641,580",***
1997100000,1997年度,9000,栃木県,***,"1,996,000",***,"69,960,966",***
1997100000,1997年度,10000,群馬県,***,"2,013,000",***,"56,012,687",***
1997100000,1997年度,11000,埼玉県,***,"6,841,000",***,"149,564,298",***
1997100000,1997年度,12000,千葉県,***,"5,839,000",***,"131,044,081",***
1997100000,1997年度,13000,東京都,***,"11,881,000",***,"401,079,912",***
1997100000,1997年度,14000,神奈川県,***,"8,319,000",***,"32,850,327",***
1997100000,1997年度,15000,新潟県,***,"2,490,000",***,"76,956,442",***
1997100000,1997年度,16000,富山県,***,"1,124,000",***,"38,760,599",***
1997100000,1997年度,17000,石川県,***,"1,181,000",***,"57,459,673",***
1997100000,1997年度,18000,福井県,***,"828,000",***,"36,524,868",***
1997100000,1997年度,19000,山梨県,***,"886,000",***,"33,481,230",***
1997100000,1997年度,20000,長野県,***,"2,207,000",***,"97,801,027",***
1997100000,1997年度,21000,岐阜県,***,"2,106,000",***,"50,327,183",***
1997100000,1997年度,22000,静岡県,***,"3,752,000",***,"97,851,830",***
1997100000,1997年度,23000,愛知県,***,"6,931,000",***,"246,554,727",***
1997100000,1997年度,24000,三重県,***,"1,851,000",***,"60,377,451",***
1997100000,1997年度,25000,滋賀県,***,"1,310,000",***,"53,740,097",***
1997100000,1997年度,26000,京都府,***,"2,638,000",***,"81,528,358",***
1997100000,1997年度,27000,大阪府,***,"8,808,000",***,"127,628,955",***
1997100000,1997年度,28000,兵庫県,***,"5,455,000",***,"260,720,293",***
1997100000,1997年度,29000,奈良県,***,"1,442,000",***,"34,087,501",***
1997100000,1997年度,30000,和歌山県,***,"1,078,000",***,"37,797,464",***
1997100000,1997年度,31000,鳥取県,***,"614,000",***,"45,545,024",***
1997100000,1997年度,32000,島根県,***,"768,000",***,"49,908,917",***
1997100000,1997年度,33000,岡山県,***,"1,952,000",***,"53,582,063",***
1997100000,1997年度,34000,広島県,***,"2,882,000",***,"64,216,001",***
1997100000,1997年度,35000,山口県,***,"1,545,000",***,"88,870,450",***
1997100000,1997年度,36000,徳島県,***,"830,000",***,"53,812,625",***
1997100000,1997年度,37000,香川県,***,"1,026,000",***,"54,592,628",***
1997100000,1997年度,38000,愛媛県,***,"1,503,000",***,"55,505,633",***
1997100000,1997年度,39000,高知県,***,"816,000",***,"80,146,927",***
1997100000,1997年度,40000,福岡県,***,"4,971,000",***,"128,610,667",***
1997100000,1997年度,41000,佐賀県,***,"882,000",***,"40,484,531",***
1997100000,1997年度,42000,長崎県,***,"1,533,000",***,"46,889,091",***
1997100000,1997年度,43000,熊本県,***,"1,861,000",***,"116,260,158",***
1997100000,1997年度,44000,大分県,***,"1,228,000",***,"37,899,038",***
1997100000,1997年度,45000,宮崎県,***,"1,175,000",***,"36,457,116",***
1997100000,1997年度,46000,鹿児島県,***,"1,792,000",***,"39,580,746",***
1997100000,1997年度,47000,沖縄県,***,"1,289,000",***,"16,715,719",***
1996100000,1996年度,1000,北海道,***,"5,697,000",***,***,***
1996100000,1996年度,2000,青森県,***,"1,483,000",***,***,***
1996100000,1996年度,3000,岩手県,***,"1,420,000",***,***,***
1996100000,1996年度,4000,宮城県,***,"2,338,000",***,***,***
1996100000,1996年度,5000,秋田県,***,"1,210,000",***,***,***
1996100000,1996年度,6000,山形県,***,"1,255,000",***,***,***
1996100000,1996年度,7000,福島県,***,"2,134,000",***,***,***
1996100000,1996年度,8000,茨城県,***,"2,966,000",***,***,***
1996100000,1996年度,9000,栃木県,***,"1,991,000",***,***,***
1996100000,1996年度,10000,群馬県,***,"2,009,000",***,***,***
1996100000,1996年度,11000,埼玉県,***,"6,804,000",***,***,***
1996100000,1996年度,12000,千葉県,***,"5,817,000",***,***,***
1996100000,1996年度,13000,東京都,***,"11,808,000",***,***,***
1996100000,1996年度,14000,神奈川県,***,"8,279,000",***,***,***
1996100000,1996年度,15000,新潟県,***,"2,490,000",***,***,***
1996100000,1996年度,16000,富山県,***,"1,125,000",***,***,***
1996100000,1996年度,17000,石川県,***,"1,181,000",***,***,***
1996100000,1996年度,18000,福井県,***,"828,000",***,***,***
1996100000,1996年度,19000,山梨県,***,"885,000",***,***,***
1996100000,1996年度,20000,長野県,***,"2,203,000",***,***,***
1996100000,1996年度,21000,岐阜県,***,"2,104,000",***,***,***
1996100000,1996年度,22000,静岡県,***,"3,745,000",***,***,***
1996100000,1996年度,23000,愛知県,***,"6,897,000",***,***,***
1996100000,1996年度,24000,三重県,***,"1,846,000",***,***,***
1996100000,1996年度,25000,滋賀県,***,"1,298,000",***,***,***
1996100000,1996年度,26000,京都府,***,"2,634,000",***,***,***
1996100000,1996年度,27000,大阪府,***,"8,807,000",***,***,***
1996100000,1996年度,28000,兵庫県,***,"5,421,000",***,***,***
1996100000,1996年度,29000,奈良県,***,"1,437,000",***,***,***
1996100000,1996年度,30000,和歌山県,***,"1,079,000",***,***,***
1996100000,1996年度,31000,鳥取県,***,"615,000",***,***,***
1996100000,1996年度,32000,島根県,***,"770,000",***,***,***
1996100000,1996年度,33000,岡山県,***,"1,951,000",***,***,***
1996100000,1996年度,34000,広島県,***,"2,881,000",***,***,***
1996100000,1996年度,35000,山口県,***,"1,550,000",***,***,***
1996100000,1996年度,36000,徳島県,***,"831,000",***,***,***
1996100000,1996年度,37000,香川県,***,"1,027,000",***,***,***
1996100000,1996年度,38000,愛媛県,***,"1,505,000",***,***,***
1996100000,1996年度,39000,高知県,***,"816,000",***,***,***
1996100000,1996年度,40000,福岡県,***,"4,952,000",***,***,***
1996100000,1996年度,41000,佐賀県,***,"884,000",***,***,***
1996100000,1996年度,42000,長崎県,***,"1,540,000",***,***,***
1996100000,1996年度,43000,熊本県,***,"1,861,000",***,***,***
1996100000,1996年度,44000,大分県,***,"1,230,000",***,***,***
1996100000,1996年度,45000,宮崎県,***,"1,177,000",***,***,***
1996100000,1996年度,46000,鹿児島県,***,"1,793,000",***,***,***
1996100000,1996年度,47000,沖縄県,***,"1,282,000",***,***,***
1995100000,1995年度,1000,北海道,***,"5,692,321",***,***,***
1995100000,1995年度,2000,青森県,***,"1,481,663",***,***,***
1995100000,1995年度,3000,岩手県,***,"1,419,505",***,***,***
1995100000,1995年度,4000,宮城県,***,"2,328,739",***,***,***
1995100000,1995年度,5000,秋田県,***,"1,213,667",***,***,***
1995100000,1995年度,6000,山形県,***,"1,256,958",***,***,***
1995100000,1995年度,7000,福島県,***,"2,133,592",***,***,***
1995100000,1995年度,8000,茨城県,***,"2,955,530",***,***,***
1995100000,1995年度,9000,栃木県,***,"1,984,390",***,***,***
1995100000,1995年度,10000,群馬県,***,"2,003,540",***,***,***
1995100000,1995年度,11000,埼玉県,***,"6,759,311",***,***,***
1995100000,1995年度,12000,千葉県,***,"5,797,782",***,***,***
1995100000,1995年度,13000,東京都,***,"11,773,605",***,***,***
1995100000,1995年度,14000,神奈川県,***,"8,245,900",***,***,***
1995100000,1995年度,15000,新潟県,***,"2,488,364",***,***,***
1995100000,1995年度,16000,富山県,***,"1,123,125",***,***,***
1995100000,1995年度,17000,石川県,***,"1,180,068",***,***,***
1995100000,1995年度,18000,福井県,***,"826,996",***,***,***
1995100000,1995年度,19000,山梨県,***,"881,996",***,***,***
1995100000,1995年度,20000,長野県,***,"2,193,984",***,***,***
1995100000,1995年度,21000,岐阜県,***,"2,100,315",***,***,***
1995100000,1995年度,22000,静岡県,***,"3,737,689",***,***,***
1995100000,1995年度,23000,愛知県,***,"6,868,336",***,***,***
1995100000,1995年度,24000,三重県,***,"1,841,358",***,***,***
1995100000,1995年度,25000,滋賀県,***,"1,287,005",***,***,***
1995100000,1995年度,26000,京都府,***,"2,629,592",***,***,***
1995100000,1995年度,27000,大阪府,***,"8,797,268",***,***,***
1995100000,1995年度,28000,兵庫県,***,"5,401,877",***,***,***
1995100000,1995年度,29000,奈良県,***,"1,430,862",***,***,***
1995100000,1995年度,30000,和歌山県,***,"1,080,435",***,***,***
1995100000,1995年度,31000,鳥取県,***,"614,929",***,***,***
1995100000,1995年度,32000,島根県,***,"771,441",***,***,***
1995100000,1995年度,33000,岡山県,***,"1,950,750",***,***,***
1995100000,1995年度,34000,広島県,***,"2,881,748",***,***,***
1995100000,1995年度,35000,山口県,***,"1,555,543",***,***,***
1995100000,1995年度,36000,徳島県,***,"832,427",***,***,***
1995100000,1995年度,37000,香川県,***,"1,027,006",***,***,***
1995100000,1995年度,38000,愛媛県,***,"1,506,700",***,***,***
1995100000,1995年度,39000,高知県,***,"816,704",***,***,***
1995100000,1995年度,40000,福岡県,***,"4,933,393",***,***,***
1995100000,1995年度,41000,佐賀県,***,"884,316",***,***,***
1995100000,1995年度,42000,長崎県,***,"1,544,934",***,***,***
1995100000,1995年度,43000,熊本県,***,"1,859,793",***,***,***
1995100000,1995年度,44000,大分県,***,"1,231,306",***,***,***
1995100000,1995年度,45000,宮崎県,***,"1,175,819",***,***,***
1995100000,1995年度,46000,鹿児島県,***,"1,794,224",***,***,***
1995100000,1995年度,47000,沖縄県,***,"1,273,440",***,***,***
1994100000,1994年度,1000,北海道,***,"5,681,000",***,***,***
1994100000,1994年度,2000,青森県,***,"1,480,000",***,***,***
1994100000,1994年度,3000,岩手県,***,"1,418,000",***,***,***
1994100000,1994年度,4000,宮城県,***,"2,313,000",***,***,***
1994100000,1994年度,5000,秋田県,***,"1,216,000",***,***,***
1994100000,1994年度,6000,山形県,***,"1,256,000",***,***,***
1994100000,1994年度,7000,福島県,***,"2,129,000",***,***,***
1994100000,1994年度,8000,茨城県,***,"2,940,000",***,***,***
1994100000,1994年度,9000,栃木県,***,"1,977,000",***,***,***
1994100000,1994年度,10000,群馬県,***,"1,996,000",***,***,***
1994100000,1994年度,11000,埼玉県,***,"6,703,000",***,***,***
1994100000,1994年度,12000,千葉県,***,"5,767,000",***,***,***
1994100000,1994年度,13000,東京都,***,"11,796,000",***,***,***
1994100000,1994年度,14000,神奈川県,***,"8,207,000",***,***,***
1994100000,1994年度,15000,新潟県,***,"2,484,000",***,***,***
1994100000,1994年度,16000,富山県,***,"1,121,000",***,***,***
1994100000,1994年度,17000,石川県,***,"1,176,000",***,***,***
1994100000,1994年度,18000,福井県,***,"825,000",***,***,***
1994100000,1994年度,19000,山梨県,***,"877,000",***,***,***
1994100000,1994年度,20000,長野県,***,"2,184,000",***,***,***
1994100000,1994年度,21000,岐阜県,***,"2,095,000",***,***,***
1994100000,1994年度,22000,静岡県,***,"3,729,000",***,***,***
1994100000,1994年度,23000,愛知県,***,"6,839,000",***,***,***
1994100000,1994年度,24000,三重県,***,"1,833,000",***,***,***
1994100000,1994年度,25000,滋賀県,***,"1,273,000",***,***,***
1994100000,1994年度,26000,京都府,***,"2,622,000",***,***,***
1994100000,1994年度,27000,大阪府,***,"8,759,000",***,***,***
1994100000,1994年度,28000,兵庫県,***,"5,469,000",***,***,***
1994100000,1994年度,29000,奈良県,***,"1,420,000",***,***,***
1994100000,1994年度,30000,和歌山県,***,"1,080,000",***,***,***
1994100000,1994年度,31000,鳥取県,***,"614,000",***,***,***
1994100000,1994年度,32000,島根県,***,"772,000",***,***,***
1994100000,1994年度,33000,岡山県,***,"1,945,000",***,***,***
1994100000,1994年度,34000,広島県,***,"2,877,000",***,***,***
1994100000,1994年度,35000,山口県,***,"1,559,000",***,***,***
1994100000,1994年度,36000,徳島県,***,"830,000",***,***,***
1994100000,1994年度,37000,香川県,***,"1,026,000",***,***,***
1994100000,1994年度,38000,愛媛県,***,"1,508,000",***,***,***
1994100000,1994年度,39000,高知県,***,"817,000",***,***,***
1994100000,1994年度,40000,福岡県,***,"4,909,000",***,***,***
1994100000,1994年度,41000,佐賀県,***,"883,000",***,***,***
1994100000,1994年度,42000,長崎県,***,"1,549,000",***,***,***
1994100000,1994年度,43000,熊本県,***,"1,855,000",***,***,***
1994100000,1994年度,44000,大分県,***,"1,232,000",***,***,***
1994100000,1994年度,45000,宮崎県,***,"1,174,000",***,***,***
1994100000,1994年度,46000,鹿児島県,***,"1,791,000",***,***,***
1994100000,1994年度,47000,沖縄県,***,"1,262,000",***,***,***
1993100000,1993年度,1000,北海道,***,"5,669,000",***,***,***
1993100000,1993年度,2000,青森県,***,"1,476,000",***,***,***
1993100000,1993年度,3000,岩手県,***,"1,417,000",***,***,***
1993100000,1993年度,4000,宮城県,***,"2,299,000",***,***,***
1993100000,1993年度,5000,秋田県,***,"1,217,000",***,***,***
1993100000,1993年度,6000,山形県,***,"1,256,000",***,***,***
1993100000,1993年度,7000,福島県,***,"2,123,000",***,***,***
1993100000,1993年度,8000,茨城県,***,"2,920,000",***,***,***
1993100000,1993年度,9000,栃木県,***,"1,969,000",***,***,***
1993100000,1993年度,10000,群馬県,***,"1,990,000",***,***,***
1993100000,1993年度,11000,埼玉県,***,"6,640,000",***,***,***
1993100000,1993年度,12000,千葉県,***,"5,731,000",***,***,***
1993100000,1993年度,13000,東京都,***,"11,849,000",***,***,***
1993100000,1993年度,14000,神奈川県,***,"8,166,000",***,***,***
1993100000,1993年度,15000,新潟県,***,"2,479,000",***,***,***
1993100000,1993年度,16000,富山県,***,"1,121,000",***,***,***
1993100000,1993年度,17000,石川県,***,"1,173,000",***,***,***
1993100000,1993年度,18000,福井県,***,"824,000",***,***,***
1993100000,1993年度,19000,山梨県,***,"871,000",***,***,***
1993100000,1993年度,20000,長野県,***,"2,175,000",***,***,***
1993100000,1993年度,21000,岐阜県,***,"2,089,000",***,***,***
1993100000,1993年度,22000,静岡県,***,"3,716,000",***,***,***
1993100000,1993年度,23000,愛知県,***,"6,810,000",***,***,***
1993100000,1993年度,24000,三重県,***,"1,823,000",***,***,***
1993100000,1993年度,25000,滋賀県,***,"1,261,000",***,***,***
1993100000,1993年度,26000,京都府,***,"2,618,000",***,***,***
1993100000,1993年度,27000,大阪府,***,"8,762,000",***,***,***
1993100000,1993年度,28000,兵庫県,***,"5,457,000",***,***,***
1993100000,1993年度,29000,奈良県,***,"1,412,000",***,***,***
1993100000,1993年度,30000,和歌山県,***,"1,077,000",***,***,***
1993100000,1993年度,31000,鳥取県,***,"614,000",***,***,***
1993100000,1993年度,32000,島根県,***,"773,000",***,***,***
1993100000,1993年度,33000,岡山県,***,"1,940,000",***,***,***
1993100000,1993年度,34000,広島県,***,"2,873,000",***,***,***
1993100000,1993年度,35000,山口県,***,"1,561,000",***,***,***
1993100000,1993年度,36000,徳島県,***,"831,000",***,***,***
1993100000,1993年度,37000,香川県,***,"1,025,000",***,***,***
1993100000,1993年度,38000,愛媛県,***,"1,508,000",***,***,***
1993100000,1993年度,39000,高知県,***,"817,000",***,***,***
1993100000,1993年度,40000,福岡県,***,"4,885,000",***,***,***
1993100000,1993年度,41000,佐賀県,***,"880,000",***,***,***
1993100000,1993年度,42000,長崎県,***,"1,550,000",***,***,***
1993100000,1993年度,43000,熊本県,***,"1,850,000",***,***,***
1993100000,1993年度,44000,大分県,***,"1,231,000",***,***,***
1993100000,1993年度,45000,宮崎県,***,"1,171,000",***,***,***
1993100000,1993年度,46000,鹿児島県,***,"1,788,000",***,***,***
1993100000,1993年度,47000,沖縄県,***,"1,250,000",***,***,***
1992100000,1992年度,1000,北海道,***,"5,661,000",***,***,***
1992100000,1992年度,2000,青森県,***,"1,476,000",***,***,***
1992100000,1992年度,3000,岩手県,***,"1,416,000",***,***,***
1992100000,1992年度,4000,宮城県,***,"2,283,000",***,***,***
1992100000,1992年度,5000,秋田県,***,"1,220,000",***,***,***
1992100000,1992年度,6000,山形県,***,"1,257,000",***,***,***
1992100000,1992年度,7000,福島県,***,"2,116,000",***,***,***
1992100000,1992年度,8000,茨城県,***,"2,898,000",***,***,***
1992100000,1992年度,9000,栃木県,***,"1,959,000",***,***,***
1992100000,1992年度,10000,群馬県,***,"1,984,000",***,***,***
1992100000,1992年度,11000,埼玉県,***,"6,567,000",***,***,***
1992100000,1992年度,12000,千葉県,***,"5,679,000",***,***,***
1992100000,1992年度,13000,東京都,***,"11,887,000",***,***,***
1992100000,1992年度,14000,神奈川県,***,"8,116,000",***,***,***
1992100000,1992年度,15000,新潟県,***,"2,476,000",***,***,***
1992100000,1992年度,16000,富山県,***,"1,120,000",***,***,***
1992100000,1992年度,17000,石川県,***,"1,171,000",***,***,***
1992100000,1992年度,18000,福井県,***,"823,000",***,***,***
1992100000,1992年度,19000,山梨県,***,"865,000",***,***,***
1992100000,1992年度,20000,長野県,***,"2,169,000",***,***,***
1992100000,1992年度,21000,岐阜県,***,"2,082,000",***,***,***
1992100000,1992年度,22000,静岡県,***,"3,704,000",***,***,***
1992100000,1992年度,23000,愛知県,***,"6,776,000",***,***,***
1992100000,1992年度,24000,三重県,***,"1,814,000",***,***,***
1992100000,1992年度,25000,滋賀県,***,"1,248,000",***,***,***
1992100000,1992年度,26000,京都府,***,"2,615,000",***,***,***
1992100000,1992年度,27000,大阪府,***,"8,761,000",***,***,***
1992100000,1992年度,28000,兵庫県,***,"5,443,000",***,***,***
1992100000,1992年度,29000,奈良県,***,"1,400,000",***,***,***
1992100000,1992年度,30000,和歌山県,***,"1,076,000",***,***,***
1992100000,1992年度,31000,鳥取県,***,"615,000",***,***,***
1992100000,1992年度,32000,島根県,***,"775,000",***,***,***
1992100000,1992年度,33000,岡山県,***,"1,935,000",***,***,***
1992100000,1992年度,34000,広島県,***,"2,867,000",***,***,***
1992100000,1992年度,35000,山口県,***,"1,565,000",***,***,***
1992100000,1992年度,36000,徳島県,***,"830,000",***,***,***
1992100000,1992年度,37000,香川県,***,"1,024,000",***,***,***
1992100000,1992年度,38000,愛媛県,***,"1,511,000",***,***,***
1992100000,1992年度,39000,高知県,***,"819,000",***,***,***
1992100000,1992年度,40000,福岡県,***,"4,859,000",***,***,***
1992100000,1992年度,41000,佐賀県,***,"879,000",***,***,***
1992100000,1992年度,42000,長崎県,***,"1,552,000",***,***,***
1992100000,1992年度,43000,熊本県,***,"1,846,000",***,***,***
1992100000,1992年度,44000,大分県,***,"1,233,000",***,***,***
1992100000,1992年度,45000,宮崎県,***,"1,167,000",***,***,***
1992100000,1992年度,46000,鹿児島県,***,"1,789,000",***,***,***
1992100000,1992年度,47000,沖縄県,***,"1,239,000",***,***,***
1991100000,1991年度,1000,北海道,***,"5,650,000",***,***,***
1991100000,1991年度,2000,青森県,***,"1,479,000",***,***,***
1991100000,1991年度,3000,岩手県,***,"1,416,000",***,***,***
1991100000,1991年度,4000,宮城県,***,"2,267,000",***,***,***
1991100000,1991年度,5000,秋田県,***,"1,223,000",***,***,***
1991100000,1991年度,6000,山形県,***,"1,257,000",***,***,***
1991100000,1991年度,7000,福島県,***,"2,109,000",***,***,***
1991100000,1991年度,8000,茨城県,***,"2,871,000",***,***,***
1991100000,1991年度,9000,栃木県,***,"1,948,000",***,***,***
1991100000,1991年度,10000,群馬県,***,"1,974,000",***,***,***
1991100000,1991年度,11000,埼玉県,***,"6,486,000",***,***,***
1991100000,1991年度,12000,千葉県,***,"5,617,000",***,***,***
1991100000,1991年度,13000,東京都,***,"11,894,000",***,***,***
1991100000,1991年度,14000,神奈川県,***,"8,050,000",***,***,***
1991100000,1991年度,15000,新潟県,***,"2,475,000",***,***,***
1991100000,1991年度,16000,富山県,***,"1,121,000",***,***,***
1991100000,1991年度,17000,石川県,***,"1,167,000",***,***,***
1991100000,1991年度,18000,福井県,***,"823,000",***,***,***
1991100000,1991年度,19000,山梨県,***,"860,000",***,***,***
1991100000,1991年度,20000,長野県,***,"2,162,000",***,***,***
1991100000,1991年度,21000,岐阜県,***,"2,073,000",***,***,***
1991100000,1991年度,22000,静岡県,***,"3,687,000",***,***,***
1991100000,1991年度,23000,愛知県,***,"6,729,000",***,***,***
1991100000,1991年度,24000,三重県,***,"1,803,000",***,***,***
1991100000,1991年度,25000,滋賀県,***,"1,235,000",***,***,***
1991100000,1991年度,26000,京都府,***,"2,608,000",***,***,***
1991100000,1991年度,27000,大阪府,***,"8,750,000",***,***,***
1991100000,1991年度,28000,兵庫県,***,"5,426,000",***,***,***
1991100000,1991年度,29000,奈良県,***,"1,388,000",***,***,***
1991100000,1991年度,30000,和歌山県,***,"1,076,000",***,***,***
1991100000,1991年度,31000,鳥取県,***,"615,000",***,***,***
1991100000,1991年度,32000,島根県,***,"778,000",***,***,***
1991100000,1991年度,33000,岡山県,***,"1,930,000",***,***,***
1991100000,1991年度,34000,広島県,***,"2,859,000",***,***,***
1991100000,1991年度,35000,山口県,***,"1,569,000",***,***,***
1991100000,1991年度,36000,徳島県,***,"831,000",***,***,***
1991100000,1991年度,37000,香川県,***,"1,023,000",***,***,***
1991100000,1991年度,38000,愛媛県,***,"1,513,000",***,***,***
1991100000,1991年度,39000,高知県,***,"822,000",***,***,***
1991100000,1991年度,40000,福岡県,***,"4,834,000",***,***,***
1991100000,1991年度,41000,佐賀県,***,"878,000",***,***,***
1991100000,1991年度,42000,長崎県,***,"1,557,000",***,***,***
1991100000,1991年度,43000,熊本県,***,"1,844,000",***,***,***
1991100000,1991年度,44000,大分県,***,"1,235,000",***,***,***
1991100000,1991年度,45000,宮崎県,***,"1,167,000",***,***,***
1991100000,1991年度,46000,鹿児島県,***,"1,793,000",***,***,***
1991100000,1991年度,47000,沖縄県,***,"1,230,000",***,***,***
1990100000,1990年度,1000,北海道,***,"5,643,647",***,***,***
1990100000,1990年度,2000,青森県,***,"1,482,873",***,***,***
1990100000,1990年度,3000,岩手県,***,"1,416,928",***,***,***
1990100000,1990年度,4000,宮城県,***,"2,248,558",***,***,***
1990100000,1990年度,5000,秋田県,***,"1,227,478",***,***,***
1990100000,1990年度,6000,山形県,***,"1,258,390",***,***,***
1990100000,1990年度,7000,福島県,***,"2,104,058",***,***,***
1990100000,1990年度,8000,茨城県,***,"2,845,382",***,***,***
1990100000,1990年度,9000,栃木県,***,"1,935,168",***,***,***
1990100000,1990年度,10000,群馬県,***,"1,966,265",***,***,***
1990100000,1990年度,11000,埼玉県,***,"6,405,319",***,***,***
1990100000,1990年度,12000,千葉県,***,"5,555,429",***,***,***
1990100000,1990年度,13000,東京都,***,"11,855,563",***,***,***
1990100000,1990年度,14000,神奈川県,***,"7,980,391",***,***,***
1990100000,1990年度,15000,新潟県,***,"2,474,583",***,***,***
1990100000,1990年度,16000,富山県,***,"1,120,161",***,***,***
1990100000,1990年度,17000,石川県,***,"1,164,628",***,***,***
1990100000,1990年度,18000,福井県,***,"823,585",***,***,***
1990100000,1990年度,19000,山梨県,***,"852,966",***,***,***
1990100000,1990年度,20000,長野県,***,"2,156,627",***,***,***
1990100000,1990年度,21000,岐阜県,***,"2,066,569",***,***,***
1990100000,1990年度,22000,静岡県,***,"3,670,840",***,***,***
1990100000,1990年度,23000,愛知県,***,"6,690,603",***,***,***
1990100000,1990年度,24000,三重県,***,"1,792,514",***,***,***
1990100000,1990年度,25000,滋賀県,***,"1,222,411",***,***,***
1990100000,1990年度,26000,京都府,***,"2,602,460",***,***,***
1990100000,1990年度,27000,大阪府,***,"8,734,516",***,***,***
1990100000,1990年度,28000,兵庫県,***,"5,405,040",***,***,***
1990100000,1990年度,29000,奈良県,***,"1,375,481",***,***,***
1990100000,1990年度,30000,和歌山県,***,"1,074,325",***,***,***
1990100000,1990年度,31000,鳥取県,***,"615,722",***,***,***
1990100000,1990年度,32000,島根県,***,"781,021",***,***,***
1990100000,1990年度,33000,岡山県,***,"1,925,877",***,***,***
1990100000,1990年度,34000,広島県,***,"2,849,847",***,***,***
1990100000,1990年度,35000,山口県,***,"1,572,616",***,***,***
1990100000,1990年度,36000,徳島県,***,"831,598",***,***,***
1990100000,1990年度,37000,香川県,***,"1,023,412",***,***,***
1990100000,1990年度,38000,愛媛県,***,"1,515,025",***,***,***
1990100000,1990年度,39000,高知県,***,"825,034",***,***,***
1990100000,1990年度,40000,福岡県,***,"4,811,050",***,***,***
1990100000,1990年度,41000,佐賀県,***,"877,851",***,***,***
1990100000,1990年度,42000,長崎県,***,"1,562,959",***,***,***
1990100000,1990年度,43000,熊本県,***,"1,840,326",***,***,***
1990100000,1990年度,44000,大分県,***,"1,236,942",***,***,***
1990100000,1990年度,45000,宮崎県,***,"1,168,907",***,***,***
1990100000,1990年度,46000,鹿児島県,***,"1,797,824",***,***,***
1990100000,1990年度,47000,沖縄県,***,"1,222,398",***,***,***
1989100000,1989年度,1000,北海道,***,"5,649,000",***,***,***
1989100000,1989年度,2000,青森県,***,"1,492,000",***,***,***
1989100000,1989年度,3000,岩手県,***,"1,419,000",***,***,***
1989100000,1989年度,4000,宮城県,***,"2,236,000",***,***,***
1989100000,1989年度,5000,秋田県,***,"1,232,000",***,***,***
1989100000,1989年度,6000,山形県,***,"1,260,000",***,***,***
1989100000,1989年度,7000,福島県,***,"2,100,000",***,***,***
1989100000,1989年度,8000,茨城県,***,"2,822,000",***,***,***
1989100000,1989年度,9000,栃木県,***,"1,921,000",***,***,***
1989100000,1989年度,10000,群馬県,***,"1,959,000",***,***,***
1989100000,1989年度,11000,埼玉県,***,"6,308,000",***,***,***
1989100000,1989年度,12000,千葉県,***,"5,487,000",***,***,***
1989100000,1989年度,13000,東京都,***,"11,863,000",***,***,***
1989100000,1989年度,14000,神奈川県,***,"7,891,000",***,***,***
1989100000,1989年度,15000,新潟県,***,"2,476,000",***,***,***
1989100000,1989年度,16000,富山県,***,"1,121,000",***,***,***
1989100000,1989年度,17000,石川県,***,"1,163,000",***,***,***
1989100000,1989年度,18000,福井県,***,"823,000",***,***,***
1989100000,1989年度,19000,山梨県,***,"849,000",***,***,***
1989100000,1989年度,20000,長野県,***,"2,153,000",***,***,***
1989100000,1989年度,21000,岐阜県,***,"2,058,000",***,***,***
1989100000,1989年度,22000,静岡県,***,"3,657,000",***,***,***
1989100000,1989年度,23000,愛知県,***,"6,649,000",***,***,***
1989100000,1989年度,24000,三重県,***,"1,782,000",***,***,***
1989100000,1989年度,25000,滋賀県,***,"1,206,000",***,***,***
1989100000,1989年度,26000,京都府,***,"2,604,000",***,***,***
1989100000,1989年度,27000,大阪府,***,"8,744,000",***,***,***
1989100000,1989年度,28000,兵庫県,***,"5,372,000",***,***,***
1989100000,1989年度,29000,奈良県,***,"1,363,000",***,***,***
1989100000,1989年度,30000,和歌山県,***,"1,074,000",***,***,***
1989100000,1989年度,31000,鳥取県,***,"616,000",***,***,***
1989100000,1989年度,32000,島根県,***,"785,000",***,***,***
1989100000,1989年度,33000,岡山県,***,"1,925,000",***,***,***
1989100000,1989年度,34000,広島県,***,"2,843,000",***,***,***
1989100000,1989年度,35000,山口県,***,"1,581,000",***,***,***
1989100000,1989年度,36000,徳島県,***,"833,000",***,***,***
1989100000,1989年度,37000,香川県,***,"1,023,000",***,***,***
1989100000,1989年度,38000,愛媛県,***,"1,519,000",***,***,***
1989100000,1989年度,39000,高知県,***,"830,000",***,***,***
1989100000,1989年度,40000,福岡県,***,"4,793,000",***,***,***
1989100000,1989年度,41000,佐賀県,***,"879,000",***,***,***
1989100000,1989年度,42000,長崎県,***,"1,570,000",***,***,***
1989100000,1989年度,43000,熊本県,***,"1,841,000",***,***,***
1989100000,1989年度,44000,大分県,***,"1,240,000",***,***,***
1989100000,1989年度,45000,宮崎県,***,"1,172,000",***,***,***
1989100000,1989年度,46000,鹿児島県,***,"1,805,000",***,***,***
1989100000,1989年度,47000,沖縄県,***,"1,215,000",***,***,***
1988100000,1988年度,1000,北海道,***,"5,656,000",***,***,***
1988100000,1988年度,2000,青森県,***,"1,502,000",***,***,***
1988100000,1988年度,3000,岩手県,***,"1,424,000",***,***,***
1988100000,1988年度,4000,宮城県,***,"2,221,000",***,***,***
1988100000,1988年度,5000,秋田県,***,"1,238,000",***,***,***
1988100000,1988年度,6000,山形県,***,"1,262,000",***,***,***
1988100000,1988年度,7000,福島県,***,"2,095,000",***,***,***
1988100000,1988年度,8000,茨城県,***,"2,795,000",***,***,***
1988100000,1988年度,9000,栃木県,***,"1,908,000",***,***,***
1988100000,1988年度,10000,群馬県,***,"1,949,000",***,***,***
1988100000,1988年度,11000,埼玉県,***,"6,195,000",***,***,***
1988100000,1988年度,12000,千葉県,***,"5,403,000",***,***,***
1988100000,1988年度,13000,東京都,***,"11,873,000",***,***,***
1988100000,1988年度,14000,神奈川県,***,"7,794,000",***,***,***
1988100000,1988年度,15000,新潟県,***,"2,476,000",***,***,***
1988100000,1988年度,16000,富山県,***,"1,120,000",***,***,***
1988100000,1988年度,17000,石川県,***,"1,160,000",***,***,***
1988100000,1988年度,18000,福井県,***,"822,000",***,***,***
1988100000,1988年度,19000,山梨県,***,"845,000",***,***,***
1988100000,1988年度,20000,長野県,***,"2,149,000",***,***,***
1988100000,1988年度,21000,岐阜県,***,"2,051,000",***,***,***
1988100000,1988年度,22000,静岡県,***,"3,639,000",***,***,***
1988100000,1988年度,23000,愛知県,***,"6,606,000",***,***,***
1988100000,1988年度,24000,三重県,***,"1,772,000",***,***,***
1988100000,1988年度,25000,滋賀県,***,"1,191,000",***,***,***
1988100000,1988年度,26000,京都府,***,"2,604,000",***,***,***
1988100000,1988年度,27000,大阪府,***,"8,748,000",***,***,***
1988100000,1988年度,28000,兵庫県,***,"5,344,000",***,***,***
1988100000,1988年度,29000,奈良県,***,"1,347,000",***,***,***
1988100000,1988年度,30000,和歌山県,***,"1,076,000",***,***,***
1988100000,1988年度,31000,鳥取県,***,"617,000",***,***,***
1988100000,1988年度,32000,島根県,***,"789,000",***,***,***
1988100000,1988年度,33000,岡山県,***,"1,925,000",***,***,***
1988100000,1988年度,34000,広島県,***,"2,838,000",***,***,***
1988100000,1988年度,35000,山口県,***,"1,587,000",***,***,***
1988100000,1988年度,36000,徳島県,***,"834,000",***,***,***
1988100000,1988年度,37000,香川県,***,"1,025,000",***,***,***
1988100000,1988年度,38000,愛媛県,***,"1,522,000",***,***,***
1988100000,1988年度,39000,高知県,***,"833,000",***,***,***
1988100000,1988年度,40000,福岡県,***,"4,773,000",***,***,***
1988100000,1988年度,41000,佐賀県,***,"880,000",***,***,***
1988100000,1988年度,42000,長崎県,***,"1,578,000",***,***,***
1988100000,1988年度,43000,熊本県,***,"1,842,000",***,***,***
1988100000,1988年度,44000,大分県,***,"1,243,000",***,***,***
1988100000,1988年度,45000,宮崎県,***,"1,173,000",***,***,***
1988100000,1988年度,46000,鹿児島県,***,"1,812,000",***,***,***
1988100000,1988年度,47000,沖縄県,***,"1,208,000",***,***,***
1987100000,1987年度,1000,北海道,***,"5,660,000",***,***,***
1987100000,1987年度,2000,青森県,***,"1,511,000",***,***,***
1987100000,1987年度,3000,岩手県,***,"1,427,000",***,***,***
1987100000,1987年度,4000,宮城県,***,"2,206,000",***,***,***
1987100000,1987年度,5000,秋田県,***,"1,244,000",***,***,***
1987100000,1987年度,6000,山形県,***,"1,262,000",***,***,***
1987100000,1987年度,7000,福島県,***,"2,091,000",***,***,***
1987100000,1987年度,8000,茨城県,***,"2,769,000",***,***,***
1987100000,1987年度,9000,栃木県,***,"1,895,000",***,***,***
1987100000,1987年度,10000,群馬県,***,"1,941,000",***,***,***
1987100000,1987年度,11000,埼玉県,***,"6,071,000",***,***,***
1987100000,1987年度,12000,千葉県,***,"5,307,000",***,***,***
1987100000,1987年度,13000,東京都,***,"11,887,000",***,***,***
1987100000,1987年度,14000,神奈川県,***,"7,684,000",***,***,***
1987100000,1987年度,15000,新潟県,***,"2,477,000",***,***,***
1987100000,1987年度,16000,富山県,***,"1,120,000",***,***,***
1987100000,1987年度,17000,石川県,***,"1,158,000",***,***,***
1987100000,1987年度,18000,福井県,***,"822,000",***,***,***
1987100000,1987年度,19000,山梨県,***,"841,000",***,***,***
1987100000,1987年度,20000,長野県,***,"2,148,000",***,***,***
1987100000,1987年度,21000,岐阜県,***,"2,044,000",***,***,***
1987100000,1987年度,22000,静岡県,***,"3,619,000",***,***,***
1987100000,1987年度,23000,愛知県,***,"6,566,000",***,***,***
1987100000,1987年度,24000,三重県,***,"1,765,000",***,***,***
1987100000,1987年度,25000,滋賀県,***,"1,178,000",***,***,***
1987100000,1987年度,26000,京都府,***,"2,601,000",***,***,***
1987100000,1987年度,27000,大阪府,***,"8,737,000",***,***,***
1987100000,1987年度,28000,兵庫県,***,"5,319,000",***,***,***
1987100000,1987年度,29000,奈良県,***,"1,333,000",***,***,***
1987100000,1987年度,30000,和歌山県,***,"1,079,000",***,***,***
1987100000,1987年度,31000,鳥取県,***,"616,000",***,***,***
1987100000,1987年度,32000,島根県,***,"792,000",***,***,***
1987100000,1987年度,33000,岡山県,***,"1,924,000",***,***,***
1987100000,1987年度,34000,広島県,***,"2,834,000",***,***,***
1987100000,1987年度,35000,山口県,***,"1,592,000",***,***,***
1987100000,1987年度,36000,徳島県,***,"835,000",***,***,***
1987100000,1987年度,37000,香川県,***,"1,024,000",***,***,***
1987100000,1987年度,38000,愛媛県,***,"1,525,000",***,***,***
1987100000,1987年度,39000,高知県,***,"836,000",***,***,***
1987100000,1987年度,40000,福岡県,***,"4,756,000",***,***,***
1987100000,1987年度,41000,佐賀県,***,"880,000",***,***,***
1987100000,1987年度,42000,長崎県,***,"1,584,000",***,***,***
1987100000,1987年度,43000,熊本県,***,"1,842,000",***,***,***
1987100000,1987年度,44000,大分県,***,"1,247,000",***,***,***
1987100000,1987年度,45000,宮崎県,***,"1,174,000",***,***,***
1987100000,1987年度,46000,鹿児島県,***,"1,816,000",***,***,***
1987100000,1987年度,47000,沖縄県,***,"1,199,000",***,***,***
1986100000,1986年度,1000,北海道,***,"5,673,000",***,***,***
1986100000,1986年度,2000,青森県,***,"1,517,000",***,***,***
1986100000,1986年度,3000,岩手県,***,"1,431,000",***,***,***
1986100000,1986年度,4000,宮城県,***,"2,190,000",***,***,***
1986100000,1986年度,5000,秋田県,***,"1,249,000",***,***,***
1986100000,1986年度,6000,山形県,***,"1,262,000",***,***,***
1986100000,1986年度,7000,福島県,***,"2,085,000",***,***,***
1986100000,1986年度,8000,茨城県,***,"2,746,000",***,***,***
1986100000,1986年度,9000,栃木県,***,"1,880,000",***,***,***
1986100000,1986年度,10000,群馬県,***,"1,931,000",***,***,***
1986100000,1986年度,11000,埼玉県,***,"5,954,000",***,***,***
1986100000,1986年度,12000,千葉県,***,"5,219,000",***,***,***
1986100000,1986年度,13000,東京都,***,"11,888,000",***,***,***
1986100000,1986年度,14000,神奈川県,***,"7,553,000",***,***,***
1986100000,1986年度,15000,新潟県,***,"2,478,000",***,***,***
1986100000,1986年度,16000,富山県,***,"1,119,000",***,***,***
1986100000,1986年度,17000,石川県,***,"1,155,000",***,***,***
1986100000,1986年度,18000,福井県,***,"819,000",***,***,***
1986100000,1986年度,19000,山梨県,***,"837,000",***,***,***
1986100000,1986年度,20000,長野県,***,"2,143,000",***,***,***
1986100000,1986年度,21000,岐阜県,***,"2,036,000",***,***,***
1986100000,1986年度,22000,静岡県,***,"3,597,000",***,***,***
1986100000,1986年度,23000,愛知県,***,"6,512,000",***,***,***
1986100000,1986年度,24000,三重県,***,"1,756,000",***,***,***
1986100000,1986年度,25000,滋賀県,***,"1,166,000",***,***,***
1986100000,1986年度,26000,京都府,***,"2,595,000",***,***,***
1986100000,1986年度,27000,大阪府,***,"8,705,000",***,***,***
1986100000,1986年度,28000,兵庫県,***,"5,300,000",***,***,***
1986100000,1986年度,29000,奈良県,***,"1,318,000",***,***,***
1986100000,1986年度,30000,和歌山県,***,"1,083,000",***,***,***
1986100000,1986年度,31000,鳥取県,***,"616,000",***,***,***
1986100000,1986年度,32000,島根県,***,"793,000",***,***,***
1986100000,1986年度,33000,岡山県,***,"1,921,000",***,***,***
1986100000,1986年度,34000,広島県,***,"2,829,000",***,***,***
1986100000,1986年度,35000,山口県,***,"1,598,000",***,***,***
1986100000,1986年度,36000,徳島県,***,"835,000",***,***,***
1986100000,1986年度,37000,香川県,***,"1,024,000",***,***,***
1986100000,1986年度,38000,愛媛県,***,"1,528,000",***,***,***
1986100000,1986年度,39000,高知県,***,"838,000",***,***,***
1986100000,1986年度,40000,福岡県,***,"4,741,000",***,***,***
1986100000,1986年度,41000,佐賀県,***,"880,000",***,***,***
1986100000,1986年度,42000,長崎県,***,"1,589,000",***,***,***
1986100000,1986年度,43000,熊本県,***,"1,840,000",***,***,***
1986100000,1986年度,44000,大分県,***,"1,249,000",***,***,***
1986100000,1986年度,45000,宮崎県,***,"1,174,000",***,***,***
1986100000,1986年度,46000,鹿児島県,***,"1,816,000",***,***,***
1986100000,1986年度,47000,沖縄県,***,"1,188,000",***,***,***
1985100000,1985年度,1000,北海道,***,"5,679,439",***,***,***
1985100000,1985年度,2000,青森県,***,"1,524,448",***,***,***
1985100000,1985年度,3000,岩手県,***,"1,433,611",***,***,***
1985100000,1985年度,4000,宮城県,***,"2,176,295",***,***,***
1985100000,1985年度,5000,秋田県,***,"1,254,032",***,***,***
1985100000,1985年度,6000,山形県,***,"1,261,662",***,***,***
1985100000,1985年度,7000,福島県,***,"2,080,304",***,***,***
1985100000,1985年度,8000,茨城県,***,"2,725,005",***,***,***
1985100000,1985年度,9000,栃木県,***,"1,866,066",***,***,***
1985100000,1985年度,10000,群馬県,***,"1,921,259",***,***,***
1985100000,1985年度,11000,埼玉県,***,"5,863,678",***,***,***
1985100000,1985年度,12000,千葉県,***,"5,148,163",***,***,***
1985100000,1985年度,13000,東京都,***,"11,829,363",***,***,***
1985100000,1985年度,14000,神奈川県,***,"7,431,974",***,***,***
1985100000,1985年度,15000,新潟県,***,"2,478,470",***,***,***
1985100000,1985年度,16000,富山県,***,"1,118,369",***,***,***
1985100000,1985年度,17000,石川県,***,"1,152,325",***,***,***
1985100000,1985年度,18000,福井県,***,"817,633",***,***,***
1985100000,1985年度,19000,山梨県,***,"832,832",***,***,***
1985100000,1985年度,20000,長野県,***,"2,136,927",***,***,***
1985100000,1985年度,21000,岐阜県,***,"2,028,536",***,***,***
1985100000,1985年度,22000,静岡県,***,"3,574,692",***,***,***
1985100000,1985年度,23000,愛知県,***,"6,455,172",***,***,***
1985100000,1985年度,24000,三重県,***,"1,747,311",***,***,***
1985100000,1985年度,25000,滋賀県,***,"1,155,844",***,***,***
1985100000,1985年度,26000,京都府,***,"2,586,574",***,***,***
1985100000,1985年度,27000,大阪府,***,"8,668,095",***,***,***
1985100000,1985年度,28000,兵庫県,***,"5,278,050",***,***,***
1985100000,1985年度,29000,奈良県,***,"1,304,866",***,***,***
1985100000,1985年度,30000,和歌山県,***,"1,087,206",***,***,***
1985100000,1985年度,31000,鳥取県,***,"616,024",***,***,***
1985100000,1985年度,32000,島根県,***,"794,629",***,***,***
1985100000,1985年度,33000,岡山県,***,"1,916,906",***,***,***
1985100000,1985年度,34000,広島県,***,"2,819,200",***,***,***
1985100000,1985年度,35000,山口県,***,"1,601,627",***,***,***
1985100000,1985年度,36000,徳島県,***,"834,889",***,***,***
1985100000,1985年度,37000,香川県,***,"1,022,569",***,***,***
1985100000,1985年度,38000,愛媛県,***,"1,529,983",***,***,***
1985100000,1985年度,39000,高知県,***,"839,784",***,***,***
1985100000,1985年度,40000,福岡県,***,"4,719,259",***,***,***
1985100000,1985年度,41000,佐賀県,***,"880,013",***,***,***
1985100000,1985年度,42000,長崎県,***,"1,593,968",***,***,***
1985100000,1985年度,43000,熊本県,***,"1,837,747",***,***,***
1985100000,1985年度,44000,大分県,***,"1,250,214",***,***,***
1985100000,1985年度,45000,宮崎県,***,"1,175,543",***,***,***
1985100000,1985年度,46000,鹿児島県,***,"1,819,270",***,***,***
1985100000,1985年度,47000,沖縄県,***,"1,179,097",***,***,***
1984100000,1984年度,1000,北海道,***,"5,672,000",***,***,***
1984100000,1984年度,2000,青森県,***,"1,527,000",***,***,***
1984100000,1984年度,3000,岩手県,***,"1,433,000",***,***,***
1984100000,1984年度,4000,宮城県,***,"2,161,000",***,***,***
1984100000,1984年度,5000,秋田県,***,"1,255,000",***,***,***
1984100000,1984年度,6000,山形県,***,"1,260,000",***,***,***
1984100000,1984年度,7000,福島県,***,"2,071,000",***,***,***
1984100000,1984年度,8000,茨城県,***,"2,698,000",***,***,***
1984100000,1984年度,9000,栃木県,***,"1,850,000",***,***,***
1984100000,1984年度,10000,群馬県,***,"1,908,000",***,***,***
1984100000,1984年度,11000,埼玉県,***,"5,784,000",***,***,***
1984100000,1984年度,12000,千葉県,***,"5,079,000",***,***,***
1984100000,1984年度,13000,東京都,***,"11,759,000",***,***,***
1984100000,1984年度,14000,神奈川県,***,"7,328,000",***,***,***
1984100000,1984年度,15000,新潟県,***,"2,474,000",***,***,***
1984100000,1984年度,16000,富山県,***,"1,116,000",***,***,***
1984100000,1984年度,17000,石川県,***,"1,147,000",***,***,***
1984100000,1984年度,18000,福井県,***,"813,000",***,***,***
1984100000,1984年度,19000,山梨県,***,"826,000",***,***,***
1984100000,1984年度,20000,長野県,***,"2,125,000",***,***,***
1984100000,1984年度,21000,岐阜県,***,"2,017,000",***,***,***
1984100000,1984年度,22000,静岡県,***,"3,547,000",***,***,***
1984100000,1984年度,23000,愛知県,***,"6,401,000",***,***,***
1984100000,1984年度,24000,三重県,***,"1,737,000",***,***,***
1984100000,1984年度,25000,滋賀県,***,"1,141,000",***,***,***
1984100000,1984年度,26000,京都府,***,"2,578,000",***,***,***
1984100000,1984年度,27000,大阪府,***,"8,632,000",***,***,***
1984100000,1984年度,28000,兵庫県,***,"5,252,000",***,***,***
1984100000,1984年度,29000,奈良県,***,"1,290,000",***,***,***
1984100000,1984年度,30000,和歌山県,***,"1,088,000",***,***,***
1984100000,1984年度,31000,鳥取県,***,"614,000",***,***,***
1984100000,1984年度,32000,島根県,***,"793,000",***,***,***
1984100000,1984年度,33000,岡山県,***,"1,909,000",***,***,***
1984100000,1984年度,34000,広島県,***,"2,807,000",***,***,***
1984100000,1984年度,35000,山口県,***,"1,601,000",***,***,***
1984100000,1984年度,36000,徳島県,***,"834,000",***,***,***
1984100000,1984年度,37000,香川県,***,"1,018,000",***,***,***
1984100000,1984年度,38000,愛媛県,***,"1,526,000",***,***,***
1984100000,1984年度,39000,高知県,***,"839,000",***,***,***
1984100000,1984年度,40000,福岡県,***,"4,697,000",***,***,***
1984100000,1984年度,41000,佐賀県,***,"878,000",***,***,***
1984100000,1984年度,42000,長崎県,***,"1,595,000",***,***,***
1984100000,1984年度,43000,熊本県,***,"1,830,000",***,***,***
1984100000,1984年度,44000,大分県,***,"1,248,000",***,***,***
1984100000,1984年度,45000,宮崎県,***,"1,173,000",***,***,***
1984100000,1984年度,46000,鹿児島県,***,"1,814,000",***,***,***
1984100000,1984年度,47000,沖縄県,***,"1,161,000",***,***,***
1983100000,1983年度,1000,北海道,***,"5,656,000",***,***,***
1983100000,1983年度,2000,青森県,***,"1,528,000",***,***,***
1983100000,1983年度,3000,岩手県,***,"1,432,000",***,***,***
1983100000,1983年度,4000,宮城県,***,"2,144,000",***,***,***
1983100000,1983年度,5000,秋田県,***,"1,256,000",***,***,***
1983100000,1983年度,6000,山形県,***,"1,258,000",***,***,***
1983100000,1983年度,7000,福島県,***,"2,061,000",***,***,***
1983100000,1983年度,8000,茨城県,***,"2,670,000",***,***,***
1983100000,1983年度,9000,栃木県,***,"1,835,000",***,***,***
1983100000,1983年度,10000,群馬県,***,"1,893,000",***,***,***
1983100000,1983年度,11000,埼玉県,***,"5,700,000",***,***,***
1983100000,1983年度,12000,千葉県,***,"5,005,000",***,***,***
1983100000,1983年度,13000,東京都,***,"11,700,000",***,***,***
1983100000,1983年度,14000,神奈川県,***,"7,227,000",***,***,***
1983100000,1983年度,15000,新潟県,***,"2,469,000",***,***,***
1983100000,1983年度,16000,富山県,***,"1,113,000",***,***,***
1983100000,1983年度,17000,石川県,***,"1,141,000",***,***,***
1983100000,1983年度,18000,福井県,***,"809,000",***,***,***
1983100000,1983年度,19000,山梨県,***,"820,000",***,***,***
1983100000,1983年度,20000,長野県,***,"2,112,000",***,***,***
1983100000,1983年度,21000,岐阜県,***,"2,004,000",***,***,***
1983100000,1983年度,22000,静岡県,***,"3,522,000",***,***,***
1983100000,1983年度,23000,愛知県,***,"6,353,000",***,***,***
1983100000,1983年度,24000,三重県,***,"1,728,000",***,***,***
1983100000,1983年度,25000,滋賀県,***,"1,127,000",***,***,***
1983100000,1983年度,26000,京都府,***,"2,569,000",***,***,***
1983100000,1983年度,27000,大阪府,***,"8,588,000",***,***,***
1983100000,1983年度,28000,兵庫県,***,"5,227,000",***,***,***
1983100000,1983年度,29000,奈良県,***,"1,273,000",***,***,***
1983100000,1983年度,30000,和歌山県,***,"1,090,000",***,***,***
1983100000,1983年度,31000,鳥取県,***,"612,000",***,***,***
1983100000,1983年度,32000,島根県,***,"790,000",***,***,***
1983100000,1983年度,33000,岡山県,***,"1,901,000",***,***,***
1983100000,1983年度,34000,広島県,***,"2,793,000",***,***,***
1983100000,1983年度,35000,山口県,***,"1,600,000",***,***,***
1983100000,1983年度,36000,徳島県,***,"831,000",***,***,***
1983100000,1983年度,37000,香川県,***,"1,014,000",***,***,***
1983100000,1983年度,38000,愛媛県,***,"1,522,000",***,***,***
1983100000,1983年度,39000,高知県,***,"838,000",***,***,***
1983100000,1983年度,40000,福岡県,***,"4,667,000",***,***,***
1983100000,1983年度,41000,佐賀県,***,"876,000",***,***,***
1983100000,1983年度,42000,長崎県,***,"1,596,000",***,***,***
1983100000,1983年度,43000,熊本県,***,"1,820,000",***,***,***
1983100000,1983年度,44000,大分県,***,"1,243,000",***,***,***
1983100000,1983年度,45000,宮崎県,***,"1,170,000",***,***,***
1983100000,1983年度,46000,鹿児島県,***,"1,807,000",***,***,***
1983100000,1983年度,47000,沖縄県,***,"1,146,000",***,***,***
1982100000,1982年度,1000,北海道,***,"5,630,000",***,***,***
1982100000,1982年度,2000,青森県,***,"1,527,000",***,***,***
1982100000,1982年度,3000,岩手県,***,"1,429,000",***,***,***
1982100000,1982年度,4000,宮城県,***,"2,125,000",***,***,***
1982100000,1982年度,5000,秋田県,***,"1,258,000",***,***,***
1982100000,1982年度,6000,山形県,***,"1,257,000",***,***,***
1982100000,1982年度,7000,福島県,***,"2,052,000",***,***,***
1982100000,1982年度,8000,茨城県,***,"2,636,000",***,***,***
1982100000,1982年度,9000,栃木県,***,"1,822,000",***,***,***
1982100000,1982年度,10000,群馬県,***,"1,879,000",***,***,***
1982100000,1982年度,11000,埼玉県,***,"5,615,000",***,***,***
1982100000,1982年度,12000,千葉県,***,"4,923,000",***,***,***
1982100000,1982年度,13000,東京都,***,"11,650,000",***,***,***
1982100000,1982年度,14000,神奈川県,***,"7,127,000",***,***,***
1982100000,1982年度,15000,新潟県,***,"2,465,000",***,***,***
1982100000,1982年度,16000,富山県,***,"1,110,000",***,***,***
1982100000,1982年度,17000,石川県,***,"1,134,000",***,***,***
1982100000,1982年度,18000,福井県,***,"803,000",***,***,***
1982100000,1982年度,19000,山梨県,***,"813,000",***,***,***
1982100000,1982年度,20000,長野県,***,"2,102,000",***,***,***
1982100000,1982年度,21000,岐阜県,***,"1,990,000",***,***,***
1982100000,1982年度,22000,静岡県,***,"3,498,000",***,***,***
1982100000,1982年度,23000,愛知県,***,"6,309,000",***,***,***
1982100000,1982年度,24000,三重県,***,"1,716,000",***,***,***
1982100000,1982年度,25000,滋賀県,***,"1,112,000",***,***,***
1982100000,1982年度,26000,京都府,***,"2,553,000",***,***,***
1982100000,1982年度,27000,大阪府,***,"8,543,000",***,***,***
1982100000,1982年度,28000,兵庫県,***,"5,198,000",***,***,***
1982100000,1982年度,29000,奈良県,***,"1,254,000",***,***,***
1982100000,1982年度,30000,和歌山県,***,"1,090,000",***,***,***
1982100000,1982年度,31000,鳥取県,***,"610,000",***,***,***
1982100000,1982年度,32000,島根県,***,"790,000",***,***,***
1982100000,1982年度,33000,岡山県,***,"1,891,000",***,***,***
1982100000,1982年度,34000,広島県,***,"2,777,000",***,***,***
1982100000,1982年度,35000,山口県,***,"1,597,000",***,***,***
1982100000,1982年度,36000,徳島県,***,"830,000",***,***,***
1982100000,1982年度,37000,香川県,***,"1,010,000",***,***,***
1982100000,1982年度,38000,愛媛県,***,"1,517,000",***,***,***
1982100000,1982年度,39000,高知県,***,"836,000",***,***,***
1982100000,1982年度,40000,福岡県,***,"4,632,000",***,***,***
1982100000,1982年度,41000,佐賀県,***,"873,000",***,***,***
1982100000,1982年度,42000,長崎県,***,"1,595,000",***,***,***
1982100000,1982年度,43000,熊本県,***,"1,811,000",***,***,***
1982100000,1982年度,44000,大分県,***,"1,239,000",***,***,***
1982100000,1982年度,45000,宮崎県,***,"1,166,000",***,***,***
1982100000,1982年度,46000,鹿児島県,***,"1,801,000",***,***,***
1982100000,1982年度,47000,沖縄県,***,"1,132,000",***,***,***
1981100000,1981年度,1000,北海道,***,"5,605,000",***,***,***
1981100000,1981年度,2000,青森県,***,"1,526,000",***,***,***
1981100000,1981年度,3000,岩手県,***,"1,426,000",***,***,***
1981100000,1981年度,4000,宮城県,***,"2,104,000",***,***,***
1981100000,1981年度,5000,秋田県,***,"1,259,000",***,***,***
1981100000,1981年度,6000,山形県,***,"1,255,000",***,***,***
1981100000,1981年度,7000,福島県,***,"2,043,000",***,***,***
1981100000,1981年度,8000,茨城県,***,"2,595,000",***,***,***
1981100000,1981年度,9000,栃木県,***,"1,807,000",***,***,***
1981100000,1981年度,10000,群馬県,***,"1,864,000",***,***,***
1981100000,1981年度,11000,埼玉県,***,"5,520,000",***,***,***
1981100000,1981年度,12000,千葉県,***,"4,834,000",***,***,***
1981100000,1981年度,13000,東京都,***,"11,626,000",***,***,***
1981100000,1981年度,14000,神奈川県,***,"7,022,000",***,***,***
1981100000,1981年度,15000,新潟県,***,"2,459,000",***,***,***
1981100000,1981年度,16000,富山県,***,"1,106,000",***,***,***
1981100000,1981年度,17000,石川県,***,"1,127,000",***,***,***
1981100000,1981年度,18000,福井県,***,"798,000",***,***,***
1981100000,1981年度,19000,山梨県,***,"809,000",***,***,***
1981100000,1981年度,20000,長野県,***,"2,093,000",***,***,***
1981100000,1981年度,21000,岐阜県,***,"1,975,000",***,***,***
1981100000,1981年度,22000,静岡県,***,"3,472,000",***,***,***
1981100000,1981年度,23000,愛知県,***,"6,266,000",***,***,***
1981100000,1981年度,24000,三重県,***,"1,702,000",***,***,***
1981100000,1981年度,25000,滋賀県,***,"1,097,000",***,***,***
1981100000,1981年度,26000,京都府,***,"2,539,000",***,***,***
1981100000,1981年度,27000,大阪府,***,"8,509,000",***,***,***
1981100000,1981年度,28000,兵庫県,***,"5,171,000",***,***,***
1981100000,1981年度,29000,奈良県,***,"1,233,000",***,***,***
1981100000,1981年度,30000,和歌山県,***,"1,088,000",***,***,***
1981100000,1981年度,31000,鳥取県,***,"607,000",***,***,***
1981100000,1981年度,32000,島根県,***,"787,000",***,***,***
1981100000,1981年度,33000,岡山県,***,"1,881,000",***,***,***
1981100000,1981年度,34000,広島県,***,"2,761,000",***,***,***
1981100000,1981年度,35000,山口県,***,"1,592,000",***,***,***
1981100000,1981年度,36000,徳島県,***,"827,000",***,***,***
1981100000,1981年度,37000,香川県,***,"1,005,000",***,***,***
1981100000,1981年度,38000,愛媛県,***,"1,512,000",***,***,***
1981100000,1981年度,39000,高知県,***,"833,000",***,***,***
1981100000,1981年度,40000,福岡県,***,"4,594,000",***,***,***
1981100000,1981年度,41000,佐賀県,***,"869,000",***,***,***
1981100000,1981年度,42000,長崎県,***,"1,594,000",***,***,***
1981100000,1981年度,43000,熊本県,***,"1,802,000",***,***,***
1981100000,1981年度,44000,大分県,***,"1,234,000",***,***,***
1981100000,1981年度,45000,宮崎県,***,"1,158,000",***,***,***
1981100000,1981年度,46000,鹿児島県,***,"1,794,000",***,***,***
1981100000,1981年度,47000,沖縄県,***,"1,119,000",***,***,***
1980100000,1980年度,1000,北海道,***,"5,575,989",***,***,***
1980100000,1980年度,2000,青森県,***,"1,523,907",***,***,***
1980100000,1980年度,3000,岩手県,***,"1,421,927",***,***,***
1980100000,1980年度,4000,宮城県,***,"2,082,320",***,***,***
1980100000,1980年度,5000,秋田県,***,"1,256,745",***,***,***
1980100000,1980年度,6000,山形県,***,"1,251,917",***,***,***
1980100000,1980年度,7000,福島県,***,"2,035,272",***,***,***
1980100000,1980年度,8000,茨城県,***,"2,558,007",***,***,***
1980100000,1980年度,9000,栃木県,***,"1,792,201",***,***,***
1980100000,1980年度,10000,群馬県,***,"1,848,562",***,***,***
1980100000,1980年度,11000,埼玉県,***,"5,420,480",***,***,***
1980100000,1980年度,12000,千葉県,***,"4,735,424",***,***,***
1980100000,1980年度,13000,東京都,***,"11,618,281",***,***,***
1980100000,1980年度,14000,神奈川県,***,"6,924,348",***,***,***
1980100000,1980年度,15000,新潟県,***,"2,451,357",***,***,***
1980100000,1980年度,16000,富山県,***,"1,103,459",***,***,***
1980100000,1980年度,17000,石川県,***,"1,119,304",***,***,***
1980100000,1980年度,18000,福井県,***,"794,354",***,***,***
1980100000,1980年度,19000,山梨県,***,"804,256",***,***,***
1980100000,1980年度,20000,長野県,***,"2,083,934",***,***,***
1980100000,1980年度,21000,岐阜県,***,"1,960,107",***,***,***
1980100000,1980年度,22000,静岡県,***,"3,446,804",***,***,***
1980100000,1980年度,23000,愛知県,***,"6,221,638",***,***,***
1980100000,1980年度,24000,三重県,***,"1,686,936",***,***,***
1980100000,1980年度,25000,滋賀県,***,"1,079,898",***,***,***
1980100000,1980年度,26000,京都府,***,"2,527,330",***,***,***
1980100000,1980年度,27000,大阪府,***,"8,473,446",***,***,***
1980100000,1980年度,28000,兵庫県,***,"5,144,892",***,***,***
1980100000,1980年度,29000,奈良県,***,"1,209,365",***,***,***
1980100000,1980年度,30000,和歌山県,***,"1,087,012",***,***,***
1980100000,1980年度,31000,鳥取県,***,"604,221",***,***,***
1980100000,1980年度,32000,島根県,***,"784,795",***,***,***
1980100000,1980年度,33000,岡山県,***,"1,871,023",***,***,***
1980100000,1980年度,34000,広島県,***,"2,739,161",***,***,***
1980100000,1980年度,35000,山口県,***,"1,587,079",***,***,***
1980100000,1980年度,36000,徳島県,***,"825,261",***,***,***
1980100000,1980年度,37000,香川県,***,"999,864",***,***,***
1980100000,1980年度,38000,愛媛県,***,"1,506,637",***,***,***
1980100000,1980年度,39000,高知県,***,"831,275",***,***,***
1980100000,1980年度,40000,福岡県,***,"4,553,461",***,***,***
1980100000,1980年度,41000,佐賀県,***,"865,574",***,***,***
1980100000,1980年度,42000,長崎県,***,"1,590,564",***,***,***
1980100000,1980年度,43000,熊本県,***,"1,790,327",***,***,***
1980100000,1980年度,44000,大分県,***,"1,228,913",***,***,***
1980100000,1980年度,45000,宮崎県,***,"1,151,587",***,***,***
1980100000,1980年度,46000,鹿児島県,***,"1,784,623",***,***,***
1980100000,1980年度,47000,沖縄県,***,"1,106,559",***,***,***
1979100000,1979年度,1000,北海道,***,"5,535,000",***,***,***
1979100000,1979年度,2000,青森県,***,"1,516,000",***,***,***
1979100000,1979年度,3000,岩手県,***,"1,416,000",***,***,***
1979100000,1979年度,4000,宮城県,***,"2,059,000",***,***,***
1979100000,1979年度,5000,秋田県,***,"1,254,000",***,***,***
1979100000,1979年度,6000,山形県,***,"1,247,000",***,***,***
1979100000,1979年度,7000,福島県,***,"2,023,000",***,***,***
1979100000,1979年度,8000,茨城県,***,"2,510,000",***,***,***
1979100000,1979年度,9000,栃木県,***,"1,775,000",***,***,***
1979100000,1979年度,10000,群馬県,***,"1,833,000",***,***,***
1979100000,1979年度,11000,埼玉県,***,"5,318,000",***,***,***
1979100000,1979年度,12000,千葉県,***,"4,626,000",***,***,***
1979100000,1979年度,13000,東京都,***,"11,637,000",***,***,***
1979100000,1979年度,14000,神奈川県,***,"6,832,000",***,***,***
1979100000,1979年度,15000,新潟県,***,"2,439,000",***,***,***
1979100000,1979年度,16000,富山県,***,"1,098,000",***,***,***
1979100000,1979年度,17000,石川県,***,"1,110,000",***,***,***
1979100000,1979年度,18000,福井県,***,"791,000",***,***,***
1979100000,1979年度,19000,山梨県,***,"800,000",***,***,***
1979100000,1979年度,20000,長野県,***,"2,074,000",***,***,***
1979100000,1979年度,21000,岐阜県,***,"1,943,000",***,***,***
1979100000,1979年度,22000,静岡県,***,"3,423,000",***,***,***
1979100000,1979年度,23000,愛知県,***,"6,171,000",***,***,***
1979100000,1979年度,24000,三重県,***,"1,672,000",***,***,***
1979100000,1979年度,25000,滋賀県,***,"1,061,000",***,***,***
1979100000,1979年度,26000,京都府,***,"2,512,000",***,***,***
1979100000,1979年度,27000,大阪府,***,"8,445,000",***,***,***
1979100000,1979年度,28000,兵庫県,***,"5,119,000",***,***,***
1979100000,1979年度,29000,奈良県,***,"1,181,000",***,***,***
1979100000,1979年度,30000,和歌山県,***,"1,086,000",***,***,***
1979100000,1979年度,31000,鳥取県,***,"600,000",***,***,***
1979100000,1979年度,32000,島根県,***,"782,000",***,***,***
1979100000,1979年度,33000,岡山県,***,"1,861,000",***,***,***
1979100000,1979年度,34000,広島県,***,"2,717,000",***,***,***
1979100000,1979年度,35000,山口県,***,"1,583,000",***,***,***
1979100000,1979年度,36000,徳島県,***,"822,000",***,***,***
1979100000,1979年度,37000,香川県,***,"993,000",***,***,***
1979100000,1979年度,38000,愛媛県,***,"1,500,000",***,***,***
1979100000,1979年度,39000,高知県,***,"829,000",***,***,***
1979100000,1979年度,40000,福岡県,***,"4,506,000",***,***,***
1979100000,1979年度,41000,佐賀県,***,"860,000",***,***,***
1979100000,1979年度,42000,長崎県,***,"1,588,000",***,***,***
1979100000,1979年度,43000,熊本県,***,"1,777,000",***,***,***
1979100000,1979年度,44000,大分県,***,"1,223,000",***,***,***
1979100000,1979年度,45000,宮崎県,***,"1,141,000",***,***,***
1979100000,1979年度,46000,鹿児島県,***,"1,773,000",***,***,***
1979100000,1979年度,47000,沖縄県,***,"1,094,000",***,***,***
1978100000,1978年度,1000,北海道,***,"5,490,000",***,***,***
1978100000,1978年度,2000,青森県,***,"1,507,000",***,***,***
1978100000,1978年度,3000,岩手県,***,"1,409,000",***,***,***
1978100000,1978年度,4000,宮城県,***,"2,032,000",***,***,***
1978100000,1978年度,5000,秋田県,***,"1,250,000",***,***,***
1978100000,1978年度,6000,山形県,***,"1,241,000",***,***,***
1978100000,1978年度,7000,福島県,***,"2,012,000",***,***,***
1978100000,1978年度,8000,茨城県,***,"2,463,000",***,***,***
1978100000,1978年度,9000,栃木県,***,"1,753,000",***,***,***
1978100000,1978年度,10000,群馬県,***,"1,817,000",***,***,***
1978100000,1978年度,11000,埼玉県,***,"5,208,000",***,***,***
1978100000,1978年度,12000,千葉県,***,"4,508,000",***,***,***
1978100000,1978年度,13000,東京都,***,"11,659,000",***,***,***
1978100000,1978年度,14000,神奈川県,***,"6,728,000",***,***,***
1978100000,1978年度,15000,新潟県,***,"2,428,000",***,***,***
1978100000,1978年度,16000,富山県,***,"1,092,000",***,***,***
1978100000,1978年度,17000,石川県,***,"1,100,000",***,***,***
1978100000,1978年度,18000,福井県,***,"787,000",***,***,***
1978100000,1978年度,19000,山梨県,***,"796,000",***,***,***
1978100000,1978年度,20000,長野県,***,"2,062,000",***,***,***
1978100000,1978年度,21000,岐阜県,***,"1,927,000",***,***,***
1978100000,1978年度,22000,静岡県,***,"3,396,000",***,***,***
1978100000,1978年度,23000,愛知県,***,"6,115,000",***,***,***
1978100000,1978年度,24000,三重県,***,"1,661,000",***,***,***
1978100000,1978年度,25000,滋賀県,***,"1,043,000",***,***,***
1978100000,1978年度,26000,京都府,***,"2,494,000",***,***,***
1978100000,1978年度,27000,大阪府,***,"8,412,000",***,***,***
1978100000,1978年度,28000,兵庫県,***,"5,093,000",***,***,***
1978100000,1978年度,29000,奈良県,***,"1,152,000",***,***,***
1978100000,1978年度,30000,和歌山県,***,"1,084,000",***,***,***
1978100000,1978年度,31000,鳥取県,***,"595,000",***,***,***
1978100000,1978年度,32000,島根県,***,"779,000",***,***,***
1978100000,1978年度,33000,岡山県,***,"1,850,000",***,***,***
1978100000,1978年度,34000,広島県,***,"2,703,000",***,***,***
1978100000,1978年度,35000,山口県,***,"1,579,000",***,***,***
1978100000,1978年度,36000,徳島県,***,"818,000",***,***,***
1978100000,1978年度,37000,香川県,***,"986,000",***,***,***
1978100000,1978年度,38000,愛媛県,***,"1,493,000",***,***,***
1978100000,1978年度,39000,高知県,***,"824,000",***,***,***
1978100000,1978年度,40000,福岡県,***,"4,460,000",***,***,***
1978100000,1978年度,41000,佐賀県,***,"854,000",***,***,***
1978100000,1978年度,42000,長崎県,***,"1,587,000",***,***,***
1978100000,1978年度,43000,熊本県,***,"1,763,000",***,***,***
1978100000,1978年度,44000,大分県,***,"1,215,000",***,***,***
1978100000,1978年度,45000,宮崎県,***,"1,127,000",***,***,***
1978100000,1978年度,46000,鹿児島県,***,"1,760,000",***,***,***
1978100000,1978年度,47000,沖縄県,***,"1,081,000",***,***,***
1977100000,1977年度,1000,北海道,***,"5,443,000",***,***,***
1977100000,1977年度,2000,青森県,***,"1,496,000",***,***,***
1977100000,1977年度,3000,岩手県,***,"1,401,000",***,***,***
1977100000,1977年度,4000,宮城県,***,"2,008,000",***,***,***
1977100000,1977年度,5000,秋田県,***,"1,245,000",***,***,***
1977100000,1977年度,6000,山形県,***,"1,234,000",***,***,***
1977100000,1977年度,7000,福島県,***,"1,998,000",***,***,***
1977100000,1977年度,8000,茨城県,***,"2,417,000",***,***,***
1977100000,1977年度,9000,栃木県,***,"1,736,000",***,***,***
1977100000,1977年度,10000,群馬県,***,"1,799,000",***,***,***
1977100000,1977年度,11000,埼玉県,***,"5,091,000",***,***,***
1977100000,1977年度,12000,千葉県,***,"4,382,000",***,***,***
1977100000,1977年度,13000,東京都,***,"11,669,000",***,***,***
1977100000,1977年度,14000,神奈川県,***,"6,616,000",***,***,***
1977100000,1977年度,15000,新潟県,***,"2,417,000",***,***,***
1977100000,1977年度,16000,富山県,***,"1,085,000",***,***,***
1977100000,1977年度,17000,石川県,***,"1,091,000",***,***,***
1977100000,1977年度,18000,福井県,***,"783,000",***,***,***
1977100000,1977年度,19000,山梨県,***,"792,000",***,***,***
1977100000,1977年度,20000,長野県,***,"2,048,000",***,***,***
1977100000,1977年度,21000,岐阜県,***,"1,909,000",***,***,***
1977100000,1977年度,22000,静岡県,***,"3,368,000",***,***,***
1977100000,1977年度,23000,愛知県,***,"6,052,000",***,***,***
1977100000,1977年度,24000,三重県,***,"1,649,000",***,***,***
1977100000,1977年度,25000,滋賀県,***,"1,026,000",***,***,***
1977100000,1977年度,26000,京都府,***,"2,474,000",***,***,***
1977100000,1977年度,27000,大阪府,***,"8,373,000",***,***,***
1977100000,1977年度,28000,兵庫県,***,"5,063,000",***,***,***
1977100000,1977年度,29000,奈良県,***,"1,124,000",***,***,***
1977100000,1977年度,30000,和歌山県,***,"1,080,000",***,***,***
1977100000,1977年度,31000,鳥取県,***,"591,000",***,***,***
1977100000,1977年度,32000,島根県,***,"775,000",***,***,***
1977100000,1977年度,33000,岡山県,***,"1,840,000",***,***,***
1977100000,1977年度,34000,広島県,***,"2,689,000",***,***,***
1977100000,1977年度,35000,山口県,***,"1,573,000",***,***,***
1977100000,1977年度,36000,徳島県,***,"813,000",***,***,***
1977100000,1977年度,37000,香川県,***,"979,000",***,***,***
1977100000,1977年度,38000,愛媛県,***,"1,486,000",***,***,***
1977100000,1977年度,39000,高知県,***,"819,000",***,***,***
1977100000,1977年度,40000,福岡県,***,"4,411,000",***,***,***
1977100000,1977年度,41000,佐賀県,***,"848,000",***,***,***
1977100000,1977年度,42000,長崎県,***,"1,582,000",***,***,***
1977100000,1977年度,43000,熊本県,***,"1,747,000",***,***,***
1977100000,1977年度,44000,大分県,***,"1,207,000",***,***,***
1977100000,1977年度,45000,宮崎県,***,"1,114,000",***,***,***
1977100000,1977年度,46000,鹿児島県,***,"1,747,000",***,***,***
1977100000,1977年度,47000,沖縄県,***,"1,071,000",***,***,***
1976100000,1976年度,1000,北海道,***,"5,395,000",***,***,***
1976100000,1976年度,2000,青森県,***,"1,484,000",***,***,***
1976100000,1976年度,3000,岩手県,***,"1,395,000",***,***,***
1976100000,1976年度,4000,宮城県,***,"1,984,000",***,***,***
1976100000,1976年度,5000,秋田県,***,"1,239,000",***,***,***
1976100000,1976年度,6000,山形県,***,"1,227,000",***,***,***
1976100000,1976年度,7000,福島県,***,"1,984,000",***,***,***
1976100000,1976年度,8000,茨城県,***,"2,380,000",***,***,***
1976100000,1976年度,9000,栃木県,***,"1,717,000",***,***,***
1976100000,1976年度,10000,群馬県,***,"1,778,000",***,***,***
1976100000,1976年度,11000,埼玉県,***,"4,964,000",***,***,***
1976100000,1976年度,12000,千葉県,***,"4,267,000",***,***,***
1976100000,1976年度,13000,東京都,***,"11,674,000",***,***,***
1976100000,1976年度,14000,神奈川県,***,"6,510,000",***,***,***
1976100000,1976年度,15000,新潟県,***,"2,406,000",***,***,***
1976100000,1976年度,16000,富山県,***,"1,079,000",***,***,***
1976100000,1976年度,17000,石川県,***,"1,082,000",***,***,***
1976100000,1976年度,18000,福井県,***,"779,000",***,***,***
1976100000,1976年度,19000,山梨県,***,"787,000",***,***,***
1976100000,1976年度,20000,長野県,***,"2,033,000",***,***,***
1976100000,1976年度,21000,岐阜県,***,"1,889,000",***,***,***
1976100000,1976年度,22000,静岡県,***,"3,341,000",***,***,***
1976100000,1976年度,23000,愛知県,***,"5,988,000",***,***,***
1976100000,1976年度,24000,三重県,***,"1,638,000",***,***,***
1976100000,1976年度,25000,滋賀県,***,"1,006,000",***,***,***
1976100000,1976年度,26000,京都府,***,"2,452,000",***,***,***
1976100000,1976年度,27000,大阪府,***,"8,330,000",***,***,***
1976100000,1976年度,28000,兵庫県,***,"5,029,000",***,***,***
1976100000,1976年度,29000,奈良県,***,"1,098,000",***,***,***
1976100000,1976年度,30000,和歌山県,***,"1,077,000",***,***,***
1976100000,1976年度,31000,鳥取県,***,"586,000",***,***,***
1976100000,1976年度,32000,島根県,***,"771,000",***,***,***
1976100000,1976年度,33000,岡山県,***,"1,829,000",***,***,***
1976100000,1976年度,34000,広島県,***,"2,670,000",***,***,***
1976100000,1976年度,35000,山口県,***,"1,564,000",***,***,***
1976100000,1976年度,36000,徳島県,***,"809,000",***,***,***
1976100000,1976年度,37000,香川県,***,"970,000",***,***,***
1976100000,1976年度,38000,愛媛県,***,"1,476,000",***,***,***
1976100000,1976年度,39000,高知県,***,"814,000",***,***,***
1976100000,1976年度,40000,福岡県,***,"4,353,000",***,***,***
1976100000,1976年度,41000,佐賀県,***,"842,000",***,***,***
1976100000,1976年度,42000,長崎県,***,"1,576,000",***,***,***
1976100000,1976年度,43000,熊本県,***,"1,731,000",***,***,***
1976100000,1976年度,44000,大分県,***,"1,199,000",***,***,***
1976100000,1976年度,45000,宮崎県,***,"1,100,000",***,***,***
1976100000,1976年度,46000,鹿児島県,***,"1,735,000",***,***,***
1976100000,1976年度,47000,沖縄県,***,"1,058,000",***,***,***
1975100000,1975年度,1000,北海道,***,"5,338,206",***,***,***
1975100000,1975年度,2000,青森県,***,"1,468,646",***,***,***
1975100000,1975年度,3000,岩手県,***,"1,385,563",***,***,***
1975100000,1975年度,4000,宮城県,***,"1,955,267",***,***,***
1975100000,1975年度,5000,秋田県,***,"1,232,481",***,***,***
1975100000,1975年度,6000,山形県,***,"1,220,302",***,***,***
1975100000,1975年度,7000,福島県,***,"1,970,616",***,***,***
1975100000,1975年度,8000,茨城県,***,"2,342,198",***,***,***
1975100000,1975年度,9000,栃木県,***,"1,698,003",***,***,***
1975100000,1975年度,10000,群馬県,***,"1,756,480",***,***,***
1975100000,1975年度,11000,埼玉県,***,"4,821,340",***,***,***
1975100000,1975年度,12000,千葉県,***,"4,149,147",***,***,***
1975100000,1975年度,13000,東京都,***,"11,673,554",***,***,***
1975100000,1975年度,14000,神奈川県,***,"6,397,748",***,***,***
1975100000,1975年度,15000,新潟県,***,"2,391,938",***,***,***
1975100000,1975年度,16000,富山県,***,"1,070,791",***,***,***
1975100000,1975年度,17000,石川県,***,"1,069,872",***,***,***
1975100000,1975年度,18000,福井県,***,"773,599",***,***,***
1975100000,1975年度,19000,山梨県,***,"783,050",***,***,***
1975100000,1975年度,20000,長野県,***,"2,017,564",***,***,***
1975100000,1975年度,21000,岐阜県,***,"1,867,978",***,***,***
1975100000,1975年度,22000,静岡県,***,"3,308,799",***,***,***
1975100000,1975年度,23000,愛知県,***,"5,923,569",***,***,***
1975100000,1975年度,24000,三重県,***,"1,626,002",***,***,***
1975100000,1975年度,25000,滋賀県,***,"985,621",***,***,***
1975100000,1975年度,26000,京都府,***,"2,424,856",***,***,***
1975100000,1975年度,27000,大阪府,***,"8,278,925",***,***,***
1975100000,1975年度,28000,兵庫県,***,"4,992,140",***,***,***
1975100000,1975年度,29000,奈良県,***,"1,077,491",***,***,***
1975100000,1975年度,30000,和歌山県,***,"1,072,118",***,***,***
1975100000,1975年度,31000,鳥取県,***,"581,311",***,***,***
1975100000,1975年度,32000,島根県,***,"768,886",***,***,***
1975100000,1975年度,33000,岡山県,***,"1,814,305",***,***,***
1975100000,1975年度,34000,広島県,***,"2,646,324",***,***,***
1975100000,1975年度,35000,山口県,***,"1,555,218",***,***,***
1975100000,1975年度,36000,徳島県,***,"805,166",***,***,***
1975100000,1975年度,37000,香川県,***,"961,292",***,***,***
1975100000,1975年度,38000,愛媛県,***,"1,465,215",***,***,***
1975100000,1975年度,39000,高知県,***,"808,397",***,***,***
1975100000,1975年度,40000,福岡県,***,"4,292,963",***,***,***
1975100000,1975年度,41000,佐賀県,***,"837,674",***,***,***
1975100000,1975年度,42000,長崎県,***,"1,571,912",***,***,***
1975100000,1975年度,43000,熊本県,***,"1,715,273",***,***,***
1975100000,1975年度,44000,大分県,***,"1,190,314",***,***,***
1975100000,1975年度,45000,宮崎県,***,"1,085,055",***,***,***
1975100000,1975年度,46000,鹿児島県,***,"1,723,902",***,***,***
1975100000,1975年度,47000,沖縄県,***,"1,042,572",***,***,***
